date,entry_time,direction,entry_price,stop_loss,time_bucket,exit_time,exit_price,pnl_points
2021-01-04,2021-01-04 11:01:00,BEARISH,14000.4,14020.4,11:00,2021-01-04 11:01:00,14010.85,-10.450000000000728
2021-01-06,2021-01-06 12:03:00,BEARISH,14189.35,14209.35,12:00,2021-01-06 12:04:00,14189.35,0.0
2021-01-11,2021-01-11 13:05:00,BEARISH,14425.55,14445.55,13:00,2021-01-11 13:05:00,14426.65,-1.1000000000003638
2021-01-12,2021-01-12 12:01:00,BULLISH,14501.75,14481.75,12:00,2021-01-12 12:01:00,14507.25,5.5
2021-01-13,2021-01-13 12:01:00,BEARISH,14530.65,14550.65,12:00,2021-01-13 12:01:00,14533.55,-2.899999999999636
2021-01-15,2021-01-15 11:10:00,BEARISH,14471.9,14491.9,11:00,2021-01-15 11:10:00,14473.0,-1.1000000000003638
2021-01-18,2021-01-18 13:16:00,BULLISH,14316.8,14296.8,13:00,2021-01-18 13:16:00,14314.55,-2.25
2021-01-22,2021-01-22 12:11:00,BEARISH,14480.7,14500.7,12:00,2021-01-22 12:11:00,14488.75,-8.049999999999272
2021-02-01,2021-02-01 11:22:00,BULLISH,13809.8,13789.8,11:00,2021-02-01 11:22:00,13815.6,5.800000000001091
2021-02-03,2021-02-03 12:17:00,BULLISH,14832.1,14812.1,12:00,2021-02-03 12:17:00,14831.4,-0.7000000000007276
2021-02-04,2021-02-04 11:07:00,BULLISH,14784.8,14764.8,11:00,2021-02-04 11:07:00,14774.1,-10.699999999998909
2021-02-05,2021-02-05 13:12:00,BEARISH,14937.5,14957.5,13:00,2021-02-05 13:12:00,14939.7,-2.2000000000007276
2021-02-09,2021-02-09 13:11:00,BULLISH,15240.95,15220.95,13:00,2021-02-09 13:11:00,15243.15,2.1999999999989086
2021-02-17,2021-02-17 11:06:00,BULLISH,15295.0,15275.0,11:00,2021-02-17 11:06:00,15289.1,-5.899999999999636
2021-02-18,2021-02-18 12:25:00,BEARISH,15115.45,15135.45,12:00,2021-02-18 12:25:00,15112.0,3.4500000000007276
2021-02-19,2021-02-19 11:30:00,BULLISH,15092.55,15072.55,11:00,2021-02-19 12:00:00,15078.4,-14.149999999999636
2021-02-22,2021-02-22 12:08:00,BEARISH,14782.6,14802.6,12:00,2021-02-22 12:08:00,14789.3,-6.699999999998909
2021-02-23,2021-02-23 12:07:00,BEARISH,14727.15,14747.15,12:00,2021-02-23 12:07:00,14740.05,-12.899999999999636
2021-02-25,2021-02-25 12:11:00,BEARISH,15076.95,15096.95,12:00,2021-02-25 12:11:00,15082.15,-5.199999999998909
2021-02-26,2021-02-26 11:01:00,BEARISH,14758.15,14778.15,11:00,2021-02-26 11:02:00,14739.65,18.5
2021-03-02,2021-03-02 11:07:00,BEARISH,14828.35,14848.35,11:00,2021-03-02 11:08:00,14823.35,5.0
2021-03-03,2021-03-03 12:02:00,BULLISH,15103.25,15083.25,12:00,2021-03-03 12:02:00,15101.65,-1.6000000000003638
2021-03-04,2021-03-04 11:10:00,BULLISH,15100.0,15080.0,11:00,2021-03-04 11:11:00,15126.55,26.549999999999272
2021-03-05,2021-03-05 11:01:00,BEARISH,14951.2,14971.2,11:00,2021-03-05 11:01:00,14974.4,-23.19999999999891
2021-03-08,2021-03-08 12:07:00,BEARISH,15008.95,15028.95,12:00,2021-03-08 12:07:00,15008.05,0.9000000000014552
2021-03-09,2021-03-09 12:22:00,BEARISH,15026.65,15046.65,12:00,2021-03-09 12:22:00,15023.35,3.2999999999992724
2021-03-10,2021-03-10 11:26:00,BEARISH,15138.0,15158.0,11:00,2021-03-10 11:26:00,15149.15,-11.149999999999636
2021-03-12,2021-03-12 12:15:00,BEARISH,15254.1,15274.1,12:00,2021-03-12 12:15:00,15248.9,5.200000000000728
2021-03-15,2021-03-15 11:01:00,BEARISH,14833.55,14853.55,11:00,2021-03-15 11:01:00,14835.65,-2.100000000000364
2021-03-16,2021-03-16 11:07:00,BULLISH,15030.0,15010.0,11:00,2021-03-16 11:07:00,15028.7,-1.2999999999992724
2021-03-18,2021-03-18 13:08:00,BEARISH,14737.35,14757.35,13:00,2021-03-18 13:08:00,14747.8,-10.449999999998909
2021-03-19,2021-03-19 13:21:00,BULLISH,14602.8,14582.8,13:00,2021-03-19 13:21:00,14605.9,3.100000000000364
2021-03-22,2021-03-22 11:01:00,BEARISH,14652.3,14672.3,11:00,2021-03-22 11:01:00,14652.1,0.1999999999989086
2021-03-23,2021-03-23 13:26:00,BULLISH,14801.05,14781.05,13:00,2021-03-23 13:26:00,14797.9,-3.149999999999636
2021-03-24,2021-03-24 11:11:00,BEARISH,14611.05,14631.05,11:00,2021-03-24 11:11:00,14613.2,-2.150000000001455
2021-03-25,2021-03-25 12:05:00,BEARISH,14316.95,14336.95,12:00,2021-03-25 12:05:00,14321.05,-4.099999999998545
2021-03-30,2021-03-30 13:26:00,BULLISH,14794.5,14774.5,13:00,2021-03-30 13:26:00,14791.7,-2.7999999999992724
2021-03-31,2021-03-31 13:17:00,BEARISH,14716.9,14736.9,13:00,2021-03-31 13:17:00,14718.75,-1.8500000000003638
2021-04-01,2021-04-01 12:22:00,BEARISH,14738.95,14758.95,12:00,2021-04-01 12:22:00,14729.6,9.350000000000364
2021-04-05,2021-04-05 11:11:00,BEARISH,14493.6,14513.6,11:00,2021-04-05 11:11:00,14474.3,19.30000000000109
2021-04-06,2021-04-06 11:11:00,BULLISH,14757.65,14737.65,11:00,2021-04-06 11:11:00,14752.6,-5.049999999999272
2021-04-07,2021-04-07 11:01:00,BULLISH,14842.8,14822.8,11:00,2021-04-07 11:01:00,14840.75,-2.0499999999992724
2021-04-12,2021-04-12 13:24:00,BEARISH,14307.45,14327.45,13:00,2021-04-12 13:24:00,14303.85,3.600000000000364
2021-04-15,2021-04-15 11:02:00,BEARISH,14387.15,14407.15,11:00,2021-04-15 11:02:00,14391.75,-4.600000000000364
2021-04-20,2021-04-20 11:07:00,BEARISH,14427.15,14447.15,11:00,2021-04-20 11:07:00,14426.45,0.6999999999989086
2021-04-22,2021-04-22 13:03:00,BULLISH,14364.15,14344.15,13:00,2021-04-22 13:03:00,14361.3,-2.850000000000364
2021-04-23,2021-04-23 11:06:00,BULLISH,14430.5,14410.5,11:00,2021-04-23 11:06:00,14429.35,-1.1499999999996362
2021-04-29,2021-04-29 13:12:00,BEARISH,14906.2,14926.2,13:00,2021-04-29 13:12:00,14912.05,-5.849999999998545
2021-05-04,2021-05-04 13:05:00,BEARISH,14612.7,14632.7,13:00,2021-05-04 13:05:00,14617.55,-4.849999999998545
2021-05-05,2021-05-05 11:11:00,BEARISH,14563.9,14583.9,11:00,2021-05-05 11:11:00,14558.5,5.399999999999636
2021-05-07,2021-05-07 13:05:00,BEARISH,14793.55,14813.55,13:00,2021-05-07 13:05:00,14797.6,-4.050000000001091
2021-05-10,2021-05-10 13:16:00,BEARISH,14924.3,14944.3,13:00,2021-05-10 13:16:00,14926.35,-2.0500000000010914
2021-05-11,2021-05-11 11:17:00,BULLISH,14845.3,14825.3,11:00,2021-05-11 11:17:00,14840.5,-4.799999999999272
2021-05-12,2021-05-12 12:26:00,BULLISH,14760.7,14740.7,12:00,2021-05-12 12:26:00,14762.0,1.2999999999992724
2021-05-17,2021-05-17 12:28:00,BULLISH,14845.0,14825.0,12:00,2021-05-17 12:28:00,14846.55,1.5499999999992724
2021-05-18,2021-05-18 11:05:00,BULLISH,15122.3,15102.3,11:00,2021-05-18 11:06:00,15127.0,4.700000000000728
2021-05-25,2021-05-25 13:28:00,BEARISH,15219.55,15239.55,13:00,2021-05-25 13:28:00,15213.95,5.599999999998545
2021-06-03,2021-06-03 13:25:00,BEARISH,15621.35,15641.35,13:00,2021-06-03 13:25:00,15616.9,4.450000000000728
2021-06-04,2021-06-04 12:10:00,BEARISH,15661.0,15681.0,12:00,2021-06-04 12:10:00,15660.55,0.4500000000007276
2021-06-09,2021-06-09 13:12:00,BEARISH,15715.15,15735.15,13:00,2021-06-09 13:12:00,15705.5,9.649999999999636
2021-06-10,2021-06-10 11:01:00,BULLISH,15718.35,15698.35,11:00,2021-06-10 11:01:00,15716.1,-2.25
2021-06-14,2021-06-14 13:23:00,BULLISH,15765.95,15745.95,13:00,2021-06-14 13:23:00,15781.45,15.5
2021-06-16,2021-06-16 13:09:00,BEARISH,15774.9,15794.9,13:00,2021-06-16 13:09:00,15777.8,-2.899999999999636
2021-06-22,2021-06-22 12:21:00,BEARISH,15850.25,15870.25,12:00,2021-06-22 12:21:00,15853.55,-3.2999999999992724
2021-06-29,2021-06-29 12:15:00,BEARISH,15744.25,15764.25,12:00,2021-06-29 12:15:00,15748.75,-4.5
2021-07-05,2021-07-05 12:04:00,BULLISH,15829.15,15809.15,12:00,2021-07-05 12:04:00,15829.35,0.2000000000007276
2021-07-07,2021-07-07 13:01:00,BEARISH,15816.75,15836.75,13:00,2021-07-07 13:01:00,15820.7,-3.9500000000007276
2021-07-12,2021-07-12 11:01:00,BULLISH,15784.2,15764.2,11:00,2021-07-12 11:01:00,15781.7,-2.5
2021-07-20,2021-07-20 12:06:00,BEARISH,15585.45,15605.45,12:00,2021-07-20 12:06:00,15581.3,4.150000000001455
2021-07-23,2021-07-23 13:12:00,BULLISH,15885.2,15865.2,13:00,2021-07-23 13:12:00,15880.75,-4.450000000000728
2021-07-26,2021-07-26 13:14:00,BEARISH,15851.1,15871.1,13:00,2021-07-26 13:14:00,15851.25,-0.1499999999996362
2021-07-28,2021-07-28 13:20:00,BULLISH,15674.15,15654.15,13:00,2021-07-28 13:20:00,15674.85,0.7000000000007276
2021-08-05,2021-08-05 12:13:00,BULLISH,16278.3,16258.3,12:00,2021-08-05 12:13:00,16276.3,-2.0
2021-08-09,2021-08-09 13:11:00,BEARISH,16225.4,16245.4,13:00,2021-08-09 13:11:00,16226.55,-1.1499999999996362
2021-08-12,2021-08-12 12:30:00,BULLISH,16353.6,16333.6,12:00,2021-08-12 13:00:00,16354.25,0.6499999999996362
2021-08-16,2021-08-16 11:05:00,BULLISH,16547.1,16527.1,11:00,2021-08-16 11:05:00,16557.85,10.75
2021-08-17,2021-08-17 12:05:00,BEARISH,16509.05,16529.05,12:00,2021-08-17 12:07:00,16518.25,-9.200000000000728
2021-08-18,2021-08-18 13:01:00,BEARISH,16581.95,16601.95,13:00,2021-08-18 13:01:00,16584.4,-2.4500000000007276
2021-08-23,2021-08-23 13:22:00,BULLISH,16511.7,16491.7,13:00,2021-08-23 13:22:00,16507.45,-4.25
2021-08-25,2021-08-25 11:24:00,BULLISH,16691.6,16671.6,11:00,2021-08-25 11:25:00,16696.95,5.350000000002183
2021-09-01,2021-09-01 11:06:00,BEARISH,17106.1,17126.1,11:00,2021-09-01 11:06:00,17103.55,2.5499999999992724
2021-09-06,2021-09-06 13:21:00,BEARISH,17372.3,17392.3,13:00,2021-09-06 13:21:00,17371.0,1.2999999999992724
2021-09-09,2021-09-09 12:07:00,BEARISH,17349.65,17369.65,12:00,2021-09-09 12:07:00,17349.45,0.2000000000007276
2021-09-16,2021-09-16 12:09:00,BULLISH,17575.35,17555.35,12:00,2021-09-16 12:09:00,17576.15,0.8000000000029104
2021-09-20,2021-09-20 11:08:00,BULLISH,17604.85,17584.85,11:00,2021-09-20 11:08:00,17602.6,-2.25
2021-09-21,2021-09-21 11:16:00,BEARISH,17333.3,17353.3,11:00,2021-09-21 11:16:00,17345.9,-12.600000000002183
2021-09-23,2021-09-23 12:09:00,BULLISH,17753.45,17733.45,12:00,2021-09-23 12:09:00,17754.65,1.2000000000007276
2021-09-24,2021-09-24 13:21:00,BULLISH,17860.25,17840.25,13:00,2021-09-24 13:21:00,17853.6,-6.650000000001455
2021-09-28,2021-09-28 12:20:00,BEARISH,17707.45,17727.45,12:00,2021-09-28 12:20:00,17709.15,-1.7000000000007276
2021-09-30,2021-09-30 13:19:00,BEARISH,17629.4,17649.4,13:00,2021-09-30 13:19:00,17621.2,8.200000000000728
2021-10-01,2021-10-01 12:21:00,BULLISH,17492.8,17472.8,12:00,2021-10-01 12:21:00,17488.3,-4.5
2021-10-04,2021-10-04 12:11:00,BEARISH,17687.3,17707.3,12:00,2021-10-04 12:11:00,17688.55,-1.25
2021-10-07,2021-10-07 11:30:00,BEARISH,17796.95,17816.95,11:00,2021-10-07 12:00:00,17841.35,-44.39999999999782
2021-10-18,2021-10-18 11:13:00,BEARISH,18495.1,18515.1,11:00,2021-10-18 11:13:00,18498.3,-3.2000000000007276
2021-10-19,2021-10-19 11:25:00,BULLISH,18565.5,18545.5,11:00,2021-10-19 11:25:00,18573.15,7.650000000001455
2021-10-22,2021-10-22 13:09:00,BEARISH,18106.85,18126.85,13:00,2021-10-22 13:09:00,18099.95,6.899999999997817
2021-10-25,2021-10-25 11:25:00,BULLISH,18174.15,18154.15,11:00,2021-10-25 11:25:00,18164.1,-10.05000000000291
2021-10-26,2021-10-26 11:11:00,BEARISH,18143.2,18163.2,11:00,2021-10-26 11:11:00,18145.35,-2.149999999997817
2021-10-28,2021-10-28 12:28:00,BEARISH,17991.1,18011.1,12:00,2021-10-28 12:28:00,17991.6,-0.5
2021-10-29,2021-10-29 13:06:00,BEARISH,17750.15,17770.15,13:00,2021-10-29 13:06:00,17740.7,9.450000000000728
2021-11-03,2021-11-03 12:01:00,BEARISH,17900.45,17920.45,12:00,2021-11-03 12:01:00,17903.15,-2.7000000000007276
2021-11-11,2021-11-11 13:29:00,BULLISH,17890.0,17870.0,13:00,2021-11-11 13:29:00,17889.2,-0.7999999999992724
2021-11-15,2021-11-15 11:28:00,BEARISH,18119.1,18139.1,11:00,2021-11-15 11:28:00,18114.9,4.19999999999709
2021-11-16,2021-11-16 13:10:00,BULLISH,18105.15,18085.15,13:00,2021-11-16 13:10:00,18107.1,1.9499999999970896
2021-11-17,2021-11-17 12:03:00,BEARISH,17951.05,17971.05,12:00,2021-11-17 12:03:00,17951.75,-0.7000000000007276
2021-11-22,2021-11-22 12:10:00,BEARISH,17432.95,17452.95,12:00,2021-11-22 12:10:00,17464.4,-31.450000000000728
2021-11-23,2021-11-23 11:29:00,BULLISH,17414.4,17394.4,11:00,2021-11-23 12:00:00,17454.85,40.44999999999709
2021-11-25,2021-11-25 13:03:00,BULLISH,17491.9,17471.9,13:00,2021-11-25 13:03:00,17493.95,2.0499999999992724
2021-11-29,2021-11-29 11:14:00,BULLISH,17096.5,17076.5,11:00,2021-11-29 11:14:00,17095.0,-1.5
2021-11-30,2021-11-30 12:26:00,BEARISH,17091.6,17111.6,12:00,2021-11-30 12:26:00,17093.8,-2.2000000000007276
2021-12-02,2021-12-02 11:21:00,BULLISH,17315.55,17295.55,11:00,2021-12-02 11:21:00,17314.25,-1.2999999999992724
2021-12-03,2021-12-03 13:14:00,BEARISH,17284.55,17304.55,13:00,2021-12-03 13:14:00,17289.55,-5.0
2021-12-13,2021-12-13 11:13:00,BEARISH,17570.9,17590.9,11:00,2021-12-13 11:13:00,17574.6,-3.6999999999970896
2021-12-15,2021-12-15 12:02:00,BEARISH,17239.85,17259.85,12:00,2021-12-15 12:02:00,17241.85,-2.0
2021-12-16,2021-12-16 11:12:00,BEARISH,17277.85,17297.85,11:00,2021-12-16 11:12:00,17276.45,1.3999999999978172
2021-12-17,2021-12-17 11:24:00,BEARISH,17034.5,17054.5,11:00,2021-12-17 11:24:00,17044.25,-9.75
2021-12-21,2021-12-21 12:30:00,BULLISH,16904.2,16884.2,12:00,2021-12-21 13:00:00,16924.15,19.950000000000728
2021-12-22,2021-12-22 12:14:00,BEARISH,16883.9,16903.9,12:00,2021-12-22 12:14:00,16878.6,5.30000000000291
2021-12-23,2021-12-23 13:19:00,BULLISH,17106.85,17086.85,13:00,2021-12-23 13:19:00,17104.5,-2.349999999998545
2021-12-24,2021-12-24 13:04:00,BULLISH,16965.65,16945.65,13:00,2021-12-24 13:04:00,16965.95,0.2999999999992724
2022-01-03,2022-01-03 12:01:00,BULLISH,17529.2,17509.2,12:00,2022-01-03 12:01:00,17526.8,-2.400000000001455
2022-01-05,2022-01-05 12:21:00,BULLISH,17874.85,17854.85,12:00,2022-01-05 12:21:00,17872.7,-2.149999999997817
2022-01-06,2022-01-06 12:06:00,BEARISH,17667.15,17687.15,12:00,2022-01-06 12:06:00,17680.0,-12.849999999998545
2022-01-14,2022-01-14 11:16:00,BEARISH,18173.45,18193.45,11:00,2022-01-14 11:16:00,18174.1,-0.6499999999978172
2022-01-18,2022-01-18 11:28:00,BULLISH,18248.85,18228.85,11:00,2022-01-18 11:28:00,18250.8,1.9500000000007276
2022-01-21,2022-01-21 13:11:00,BULLISH,17693.0,17673.0,13:00,2022-01-21 13:11:00,17697.25,4.25
2022-01-24,2022-01-24 12:24:00,BEARISH,17214.7,17234.7,12:00,2022-01-24 12:24:00,17235.05,-20.349999999998545
2022-01-25,2022-01-25 11:15:00,BULLISH,17077.35,17057.35,11:00,2022-01-25 11:15:00,17072.95,-4.399999999997817
2022-01-28,2022-01-28 12:19:00,BULLISH,17369.6,17349.6,12:00,2022-01-28 12:19:00,17363.4,-6.19999999999709
2022-01-31,2022-01-31 12:01:00,BULLISH,17356.45,17336.45,12:00,2022-01-31 12:01:00,17367.85,11.399999999997817
2022-02-01,2022-02-01 11:04:00,BULLISH,17582.9,17562.9,11:00,2022-02-01 11:04:00,17583.55,0.6499999999978172
2022-02-03,2022-02-03 11:16:00,BEARISH,17699.9,17719.9,11:00,2022-02-03 11:16:00,17695.35,4.55000000000291
2022-02-04,2022-02-04 12:12:00,BEARISH,17507.65,17527.65,12:00,2022-02-04 12:12:00,17507.75,-0.09999999999854481
2022-02-07,2022-02-07 11:10:00,BEARISH,17348.6,17368.6,11:00,2022-02-07 11:10:00,17336.75,11.849999999998545
2022-02-11,2022-02-11 13:14:00,BULLISH,17404.15,17384.15,13:00,2022-02-11 13:14:00,17407.85,3.6999999999970896
2022-02-14,2022-02-14 13:06:00,BULLISH,17004.0,16984.0,13:00,2022-02-14 13:06:00,17011.8,7.799999999999272
2022-02-15,2022-02-15 11:04:00,BULLISH,16935.2,16915.2,11:00,2022-02-15 11:04:00,16939.0,3.7999999999992724
2022-02-16,2022-02-16 13:22:00,BULLISH,17415.2,17395.2,13:00,2022-02-16 13:22:00,17412.5,-2.7000000000007276
2022-02-18,2022-02-18 13:12:00,BULLISH,17373.3,17353.3,13:00,2022-02-18 13:12:00,17367.5,-5.799999999999272
2022-02-21,2022-02-21 12:11:00,BULLISH,17313.1,17293.1,12:00,2022-02-21 12:11:00,17310.25,-2.849999999998545
2022-02-22,2022-02-22 11:01:00,BULLISH,16986.45,16966.45,11:00,2022-02-22 11:01:00,16986.5,0.049999999999272404
2022-02-24,2022-02-24 11:02:00,BEARISH,16569.95,16589.95,11:00,2022-02-24 11:02:00,16577.55,-7.599999999998545
2022-02-28,2022-02-28 11:01:00,BULLISH,16597.9,16577.9,11:00,2022-02-28 11:01:00,16605.05,7.149999999997817
2022-03-03,2022-03-03 12:21:00,BEARISH,16594.75,16614.75,12:00,2022-03-03 12:22:00,16581.3,13.450000000000728
2022-03-04,2022-03-04 12:08:00,BULLISH,16249.15,16229.15,12:00,2022-03-04 12:08:00,16249.2,0.050000000001091394
2022-03-10,2022-03-10 12:26:00,BULLISH,16701.05,16681.05,12:00,2022-03-10 12:26:00,16712.6,11.549999999999272
2022-03-11,2022-03-11 11:10:00,BULLISH,16624.85,16604.85,11:00,2022-03-11 11:10:00,16622.2,-2.649999999997817
2022-03-15,2022-03-15 13:01:00,BEARISH,16739.9,16759.9,13:00,2022-03-15 13:01:00,16730.3,9.600000000002183
2022-03-16,2022-03-16 13:01:00,BEARISH,16889.35,16909.35,13:00,2022-03-16 13:01:00,16891.75,-2.400000000001455
2022-03-22,2022-03-22 13:11:00,BULLISH,17205.5,17185.5,13:00,2022-03-22 13:11:00,17215.85,10.349999999998545
2022-03-24,2022-03-24 11:10:00,BULLISH,17274.4,17254.4,11:00,2022-03-24 11:10:00,17269.6,-4.80000000000291
2022-03-28,2022-03-28 12:16:00,BULLISH,17086.75,17066.75,12:00,2022-03-28 12:16:00,17081.6,-5.150000000001455
2022-04-01,2022-04-01 11:06:00,BULLISH,17534.7,17514.7,11:00,2022-04-01 11:06:00,17531.9,-2.7999999999992724
2022-04-06,2022-04-06 13:25:00,BEARISH,17815.35,17835.35,13:00,2022-04-06 13:25:00,17810.6,4.75
2022-04-07,2022-04-07 11:15:00,BEARISH,17693.4,17713.4,11:00,2022-04-07 11:15:00,17689.65,3.75
2022-04-08,2022-04-08 11:13:00,BEARISH,17645.4,17665.4,11:00,2022-04-08 11:13:00,17638.65,6.75
2022-04-11,2022-04-11 12:01:00,BULLISH,17723.2,17703.2,12:00,2022-04-11 12:01:00,17726.6,3.399999999997817
2022-04-18,2022-04-18 12:01:00,BEARISH,17146.1,17166.1,12:00,2022-04-18 12:01:00,17149.65,-3.5500000000029104
2022-04-20,2022-04-20 11:03:00,BULLISH,17097.7,17077.7,11:00,2022-04-20 11:04:00,17101.0,3.2999999999992724
2022-04-21,2022-04-21 12:03:00,BULLISH,17342.75,17322.75,12:00,2022-04-21 12:03:00,17345.25,2.5
2022-04-22,2022-04-22 11:21:00,BULLISH,17310.2,17290.2,11:00,2022-04-22 11:22:00,17306.45,-3.75
2022-04-28,2022-04-28 13:02:00,BULLISH,17232.85,17212.85,13:00,2022-04-28 13:02:00,17233.4,0.5500000000029104
2022-05-04,2022-05-04 12:10:00,BEARISH,16906.35,16926.35,12:00,2022-05-04 12:11:00,16908.15,-1.8000000000029104
2022-05-05,2022-05-05 13:09:00,BEARISH,16850.1,16870.1,13:00,2022-05-05 13:10:00,16835.5,14.599999999998545
2022-05-12,2022-05-12 12:18:00,BEARISH,15859.2,15879.2,12:00,2022-05-12 12:18:00,15860.05,-0.8499999999985448
2022-05-13,2022-05-13 13:14:00,BULLISH,16070.0,16050.0,13:00,2022-05-13 13:14:00,16076.35,6.350000000000364
2022-05-16,2022-05-16 12:05:00,BEARISH,15816.25,15836.25,12:00,2022-05-16 12:06:00,15831.65,-15.399999999999636
2022-05-17,2022-05-17 11:26:00,BULLISH,16119.2,16099.2,11:00,2022-05-17 11:26:00,16123.75,4.549999999999272
2022-05-18,2022-05-18 12:21:00,BEARISH,16283.25,16303.25,12:00,2022-05-18 12:21:00,16288.6,-5.350000000000364
2022-05-20,2022-05-20 11:01:00,BULLISH,16175.8,16155.8,11:00,2022-05-20 11:01:00,16183.7,7.900000000001455
2022-05-24,2022-05-24 13:01:00,BULLISH,16251.4,16231.4,13:00,2022-05-24 13:01:00,16247.95,-3.4499999999989086
2022-05-25,2022-05-25 13:01:00,BEARISH,16043.75,16063.75,13:00,2022-05-25 13:01:00,16044.15,-0.3999999999996362
2022-05-26,2022-05-26 13:03:00,BULLISH,16047.0,16027.0,13:00,2022-05-26 13:03:00,16054.85,7.850000000000364
2022-05-27,2022-05-27 13:18:00,BULLISH,16320.1,16300.1,13:00,2022-05-27 13:19:00,16340.7,20.600000000000364
2022-05-30,2022-05-30 11:13:00,BULLISH,16682.85,16662.85,11:00,2022-05-30 11:13:00,16683.05,0.2000000000007276
2022-05-31,2022-05-31 13:13:00,BEARISH,16604.4,16624.4,13:00,2022-05-31 13:13:00,16602.95,1.4500000000007276
2022-06-02,2022-06-02 12:29:00,BULLISH,16576.15,16556.15,12:00,2022-06-02 12:29:00,16575.4,-0.75
2022-06-08,2022-06-08 13:16:00,BEARISH,16398.5,16418.5,13:00,2022-06-08 13:16:00,16394.65,3.849999999998545
2022-06-09,2022-06-09 12:14:00,BULLISH,16369.2,16349.2,12:00,2022-06-09 12:14:00,16368.9,-0.3000000000010914
2022-06-10,2022-06-10 11:30:00,BEARISH,16247.7,16267.7,11:00,2022-06-10 12:00:00,16249.55,-1.8499999999985448
2022-06-15,2022-06-15 12:25:00,BULLISH,15751.4,15731.4,12:00,2022-06-15 12:25:00,15755.55,4.149999999999636
2022-06-16,2022-06-16 11:08:00,BEARISH,15700.1,15720.1,11:00,2022-06-16 11:08:00,15695.9,4.200000000000728
2022-06-17,2022-06-17 11:23:00,BEARISH,15273.15,15293.15,11:00,2022-06-17 11:23:00,15270.8,2.350000000000364
2022-06-22,2022-06-22 11:08:00,BEARISH,15487.2,15507.2,11:00,2022-06-22 11:08:00,15482.35,4.850000000000364
2022-06-23,2022-06-23 12:22:00,BEARISH,15482.95,15502.95,12:00,2022-06-23 12:22:00,15474.55,8.400000000001455
2022-06-24,2022-06-24 11:29:00,BEARISH,15667.55,15687.55,11:00,2022-06-24 11:29:00,15667.75,-0.2000000000007276
2022-06-29,2022-06-29 12:01:00,BULLISH,15817.1,15797.1,12:00,2022-06-29 12:01:00,15813.9,-3.2000000000007276
2022-06-30,2022-06-30 11:15:00,BEARISH,15774.85,15794.85,11:00,2022-06-30 11:15:00,15777.0,-2.149999999999636
2022-07-04,2022-07-04 11:26:00,BULLISH,15735.7,15715.7,11:00,2022-07-04 11:26:00,15740.85,5.149999999999636
2022-07-05,2022-07-05 11:25:00,BULLISH,16010.9,15990.9,11:00,2022-07-05 11:25:00,16010.9,0.0
2022-07-06,2022-07-06 11:10:00,BEARISH,15889.4,15909.4,11:00,2022-07-06 11:10:00,15892.8,-3.399999999999636
2022-07-13,2022-07-13 13:12:00,BEARISH,15993.9,16013.9,13:00,2022-07-13 13:12:00,15991.55,2.350000000000364
2022-07-19,2022-07-19 12:14:00,BULLISH,16306.4,16286.4,12:00,2022-07-19 12:14:00,16304.65,-1.75
2022-07-21,2022-07-21 11:05:00,BEARISH,16557.95,16577.95,11:00,2022-07-21 11:05:00,16552.6,5.350000000002183
2022-07-26,2022-07-26 11:04:00,BULLISH,16520.85,16500.85,11:00,2022-07-26 11:05:00,16518.7,-2.149999999997817
2022-07-28,2022-07-28 13:24:00,BULLISH,16916.25,16896.25,13:00,2022-07-28 13:24:00,16921.0,4.75
2022-07-29,2022-07-29 11:13:00,BULLISH,17102.0,17082.0,11:00,2022-07-29 11:13:00,17101.25,-0.75
2022-08-01,2022-08-01 13:28:00,BULLISH,17294.75,17274.75,13:00,2022-08-01 13:28:00,17294.2,-0.5499999999992724
2022-08-03,2022-08-03 11:19:00,BEARISH,17228.4,17248.4,11:00,2022-08-03 11:19:00,17232.75,-4.349999999998545
2022-08-04,2022-08-04 11:15:00,BEARISH,17396.2,17416.2,11:00,2022-08-04 11:17:00,17360.55,35.650000000001455
2022-08-05,2022-08-05 13:01:00,BEARISH,17395.55,17415.55,13:00,2022-08-05 13:01:00,17403.3,-7.75
2022-08-08,2022-08-08 11:06:00,BULLISH,17468.5,17448.5,11:00,2022-08-08 11:06:00,17468.0,-0.5
2022-08-16,2022-08-16 11:01:00,BULLISH,17834.9,17814.9,11:00,2022-08-16 11:01:00,17835.5,0.5999999999985448
2022-08-19,2022-08-19 11:08:00,BEARISH,17885.1,17905.1,11:00,2022-08-19 11:08:00,17881.15,3.9499999999970896
2022-08-22,2022-08-22 11:04:00,BEARISH,17554.5,17574.5,11:00,2022-08-22 11:04:00,17571.75,-17.25
2022-08-26,2022-08-26 12:20:00,BEARISH,17601.2,17621.2,12:00,2022-08-26 12:21:00,17604.3,-3.099999999998545
2022-08-29,2022-08-29 11:21:00,BULLISH,17316.65,17296.65,11:00,2022-08-29 11:22:00,17326.0,9.349999999998545
2022-09-05,2022-09-05 12:11:00,BULLISH,17657.2,17637.2,12:00,2022-09-05 12:11:00,17659.1,1.8999999999978172
2022-09-06,2022-09-06 12:02:00,BULLISH,17694.5,17674.5,12:00,2022-09-06 12:02:00,17687.65,-6.849999999998545
2022-09-07,2022-09-07 11:20:00,BULLISH,17550.1,17530.1,11:00,2022-09-07 11:20:00,17546.8,-3.2999999999992724
2022-09-08,2022-09-08 11:16:00,BEARISH,17739.2,17759.2,11:00,2022-09-08 11:17:00,17734.7,4.5
2022-09-09,2022-09-09 13:05:00,BEARISH,17834.8,17854.8,13:00,2022-09-09 13:05:00,17829.3,5.5
2022-09-14,2022-09-14 13:15:00,BULLISH,18055.3,18035.3,13:00,2022-09-14 13:15:00,18052.85,-2.4500000000007276
2022-09-15,2022-09-15 12:10:00,BEARISH,17882.8,17902.8,12:00,2022-09-15 12:10:00,17883.5,-0.7000000000007276
2022-09-16,2022-09-16 13:12:00,BEARISH,17610.6,17630.6,13:00,2022-09-16 13:12:00,17608.7,1.8999999999978172
2022-09-19,2022-09-19 12:06:00,BULLISH,17641.15,17621.15,12:00,2022-09-19 12:06:00,17646.25,5.099999999998545
2022-09-20,2022-09-20 11:11:00,BULLISH,17875.9,17855.9,11:00,2022-09-20 11:11:00,17873.3,-2.600000000002183
2022-09-22,2022-09-22 12:05:00,BEARISH,17554.25,17574.25,12:00,2022-09-22 12:05:00,17560.9,-6.650000000001455
2022-09-23,2022-09-23 11:18:00,BEARISH,17414.7,17434.7,11:00,2022-09-23 11:18:00,17420.65,-5.950000000000728
2022-09-29,2022-09-29 13:01:00,BEARISH,16823.05,16843.05,13:00,2022-09-29 13:01:00,16828.8,-5.75
2022-09-30,2022-09-30 12:03:00,BULLISH,17003.65,16983.65,12:00,2022-09-30 12:03:00,16996.55,-7.100000000002183
2022-10-03,2022-10-03 11:01:00,BEARISH,16952.05,16972.05,11:00,2022-10-03 11:01:00,16948.75,3.2999999999992724
2022-10-06,2022-10-06 12:29:00,BEARISH,17377.1,17397.1,12:00,2022-10-06 12:29:00,17369.45,7.649999999997817
2022-10-07,2022-10-07 12:01:00,BEARISH,17232.05,17252.05,12:00,2022-10-07 12:01:00,17230.7,1.3499999999985448
2022-10-10,2022-10-10 12:09:00,BULLISH,17207.15,17187.15,12:00,2022-10-10 12:09:00,17207.75,0.5999999999985448
2022-10-11,2022-10-11 12:02:00,BULLISH,17203.25,17183.25,12:00,2022-10-11 12:02:00,17208.9,5.650000000001455
2022-10-20,2022-10-20 11:15:00,BEARISH,17480.7,17500.7,11:00,2022-10-20 11:16:00,17479.55,1.1500000000014552
2022-10-25,2022-10-25 12:25:00,BEARISH,17684.95,17704.95,12:00,2022-10-25 12:25:00,17684.65,0.2999999999992724
2022-10-27,2022-10-27 12:25:00,BEARISH,17689.25,17709.25,12:00,2022-10-27 12:25:00,17686.7,2.5499999999992724
2022-11-01,2022-11-01 13:04:00,BEARISH,18088.35,18108.35,13:00,2022-11-01 13:04:00,18081.8,6.549999999999272
2022-11-02,2022-11-02 11:15:00,BULLISH,18117.85,18097.85,11:00,2022-11-02 11:15:00,18120.35,2.5
2022-11-10,2022-11-10 11:07:00,BULLISH,18039.8,18019.8,11:00,2022-11-10 11:07:00,18038.35,-1.4500000000007276
2022-11-16,2022-11-16 12:16:00,BULLISH,18411.5,18391.5,12:00,2022-11-16 12:16:00,18409.9,-1.5999999999985448
2022-11-18,2022-11-18 11:01:00,BEARISH,18250.35,18270.35,11:00,2022-11-18 11:01:00,18247.45,2.899999999997817
2022-12-01,2022-12-01 13:25:00,BEARISH,18836.1,18856.1,13:00,2022-12-01 13:26:00,18828.6,7.5
2022-12-02,2022-12-02 11:27:00,BEARISH,18684.75,18704.75,11:00,2022-12-02 11:27:00,18682.75,2.0
2022-12-05,2022-12-05 12:01:00,BULLISH,18652.2,18632.2,12:00,2022-12-05 12:01:00,18648.45,-3.75
2022-12-06,2022-12-06 13:02:00,BULLISH,18610.85,18590.85,13:00,2022-12-06 13:02:00,18610.95,0.10000000000218279
2022-12-12,2022-12-12 12:01:00,BULLISH,18496.15,18476.15,12:00,2022-12-12 12:01:00,18487.75,-8.400000000001455
2022-12-16,2022-12-16 12:18:00,BULLISH,18338.65,18318.65,12:00,2022-12-16 12:18:00,18335.6,-3.0500000000029104
2022-12-21,2022-12-21 11:01:00,BEARISH,18349.5,18369.5,11:00,2022-12-21 11:01:00,18348.7,0.7999999999992724
2022-12-23,2022-12-23 11:28:00,BEARISH,17918.9,17938.9,11:00,2022-12-23 11:28:00,17921.75,-2.849999999998545
2023-01-03,2023-01-03 12:16:00,BEARISH,18190.6,18210.6,12:00,2023-01-03 12:16:00,18185.6,5.0
2023-01-04,2023-01-04 12:03:00,BEARISH,18061.65,18081.65,12:00,2023-01-04 12:03:00,18062.1,-0.4499999999970896
2023-01-06,2023-01-06 13:24:00,BEARISH,17812.65,17832.65,13:00,2023-01-06 13:24:00,17810.05,2.600000000002183
2023-01-09,2023-01-09 11:08:00,BULLISH,18096.5,18076.5,11:00,2023-01-09 11:08:00,18095.45,-1.0499999999992724
2023-01-16,2023-01-16 11:06:00,BEARISH,17961.05,17981.05,11:00,2023-01-16 11:06:00,17957.9,3.149999999997817
2023-01-18,2023-01-18 11:16:00,BULLISH,18146.2,18126.2,11:00,2023-01-18 11:16:00,18144.05,-2.150000000001455
2023-01-19,2023-01-19 11:03:00,BULLISH,18149.65,18129.65,11:00,2023-01-19 11:03:00,18149.35,-0.3000000000029104
2023-02-01,2023-02-01 11:05:00,BULLISH,17826.8,17806.8,11:00,2023-02-01 11:05:00,17829.05,2.25
2023-02-06,2023-02-06 12:17:00,BEARISH,17722.2,17742.2,12:00,2023-02-06 12:17:00,17732.55,-10.349999999998545
2023-02-07,2023-02-07 12:16:00,BEARISH,17706.1,17726.1,12:00,2023-02-07 12:16:00,17704.4,1.6999999999970896
2023-02-09,2023-02-09 12:11:00,BEARISH,17840.4,17860.4,12:00,2023-02-09 12:11:00,17841.3,-0.8999999999978172
2023-02-10,2023-02-10 12:04:00,BEARISH,17836.95,17856.95,12:00,2023-02-10 12:04:00,17832.3,4.650000000001455
2023-02-14,2023-02-14 12:08:00,BULLISH,17886.4,17866.4,12:00,2023-02-14 12:08:00,17891.95,5.549999999999272
2023-02-15,2023-02-15 11:26:00,BULLISH,17957.2,17937.2,11:00,2023-02-15 11:26:00,17954.75,-2.4500000000007276
2023-02-17,2023-02-17 13:01:00,BEARISH,17921.05,17941.05,13:00,2023-02-17 13:01:00,17928.6,-7.549999999999272
2023-02-20,2023-02-20 12:16:00,BEARISH,17915.75,17935.75,12:00,2023-02-20 12:16:00,17915.15,0.5999999999985448
2023-02-21,2023-02-21 12:24:00,BEARISH,17834.9,17854.9,12:00,2023-02-21 12:24:00,17836.65,-1.75
2023-02-23,2023-02-23 11:29:00,BULLISH,17584.35,17564.35,11:00,2023-02-23 11:29:00,17591.0,6.650000000001455
2023-02-27,2023-02-27 13:11:00,BEARISH,17306.8,17326.8,13:00,2023-02-27 13:12:00,17302.55,4.25
2023-03-01,2023-03-01 12:21:00,BEARISH,17396.15,17416.15,12:00,2023-03-01 12:21:00,17397.05,-0.8999999999978172
2023-03-02,2023-03-02 11:02:00,BULLISH,17378.85,17358.85,11:00,2023-03-02 11:02:00,17371.7,-7.149999999997817
2023-03-06,2023-03-06 11:06:00,BEARISH,17776.2,17796.2,11:00,2023-03-06 11:06:00,17775.5,0.7000000000007276
2023-03-08,2023-03-08 12:15:00,BEARISH,17650.7,17670.7,12:00,2023-03-08 12:15:00,17660.9,-10.200000000000728
2023-03-09,2023-03-09 12:27:00,BEARISH,17666.15,17686.15,12:00,2023-03-09 12:27:00,17664.8,1.3500000000021828
2023-03-10,2023-03-10 12:02:00,BEARISH,17400.8,17420.8,12:00,2023-03-10 12:02:00,17399.85,0.9500000000007276
2023-03-13,2023-03-13 11:07:00,BEARISH,17385.95,17405.95,11:00,2023-03-13 11:07:00,17387.6,-1.6499999999978172
2023-03-14,2023-03-14 11:13:00,BEARISH,17052.55,17072.55,11:00,2023-03-14 11:13:00,17051.8,0.75
2023-03-16,2023-03-16 13:03:00,BULLISH,16967.35,16947.35,13:00,2023-03-16 13:03:00,16960.35,-7.0
2023-03-17,2023-03-17 12:09:00,BEARISH,17003.5,17023.5,12:00,2023-03-17 12:10:00,16995.55,7.950000000000728
2023-03-22,2023-03-22 11:04:00,BEARISH,17113.15,17133.15,11:00,2023-03-22 11:04:00,17118.5,-5.349999999998545
2023-03-24,2023-03-24 12:12:00,BULLISH,17085.2,17065.2,12:00,2023-03-24 12:12:00,17083.95,-1.25
2023-03-29,2023-03-29 13:04:00,BEARISH,16977.75,16997.75,13:00,2023-03-29 13:04:00,16973.5,4.25
2023-03-31,2023-03-31 13:04:00,BULLISH,17320.9,17300.9,13:00,2023-03-31 13:04:00,17321.25,0.3499999999985448
2023-04-03,2023-04-03 12:26:00,BEARISH,17346.2,17366.2,12:00,2023-04-03 12:26:00,17345.0,1.2000000000007276
2023-04-06,2023-04-06 11:24:00,BULLISH,17616.4,17596.4,11:00,2023-04-06 11:24:00,17615.3,-1.1000000000021828
2023-04-10,2023-04-10 12:22:00,BULLISH,17680.3,17660.3,12:00,2023-04-10 12:22:00,17681.7,1.4000000000014552
2023-04-11,2023-04-11 13:06:00,BEARISH,17668.0,17688.0,13:00,2023-04-11 13:06:00,17670.5,-2.5
2023-04-17,2023-04-17 13:26:00,BEARISH,17660.9,17680.9,13:00,2023-04-17 13:26:00,17664.65,-3.75
2023-04-18,2023-04-18 13:17:00,BEARISH,17678.1,17698.1,13:00,2023-04-18 13:17:00,17680.95,-2.850000000002183
2023-04-21,2023-04-21 12:01:00,BEARISH,17598.9,17618.9,12:00,2023-04-21 12:01:00,17602.65,-3.75
2023-04-24,2023-04-24 11:19:00,BEARISH,17634.8,17654.8,11:00,2023-04-24 11:19:00,17639.0,-4.200000000000728
2023-04-25,2023-04-25 11:04:00,BEARISH,17762.3,17782.3,11:00,2023-04-25 11:04:00,17762.6,-0.2999999999992724
2023-05-04,2023-05-04 11:23:00,BULLISH,18157.8,18137.8,11:00,2023-05-04 11:23:00,18157.4,-0.3999999999978172
2023-05-05,2023-05-05 11:08:00,BEARISH,18167.9,18187.9,11:00,2023-05-05 11:08:00,18164.15,3.75
2023-05-08,2023-05-08 12:13:00,BULLISH,18276.05,18256.05,12:00,2023-05-08 12:13:00,18270.9,-5.149999999997817
2023-05-09,2023-05-09 11:28:00,BULLISH,18325.5,18305.5,11:00,2023-05-09 11:28:00,18325.45,-0.049999999999272404
2023-05-11,2023-05-11 12:22:00,BEARISH,18315.1,18335.1,12:00,2023-05-11 12:22:00,18315.9,-0.8000000000029104
2023-05-12,2023-05-12 11:13:00,BULLISH,18285.65,18265.65,11:00,2023-05-12 11:13:00,18288.05,2.399999999997817
2023-05-15,2023-05-15 11:11:00,BULLISH,18400.8,18380.8,11:00,2023-05-15 11:11:00,18396.9,-3.899999999997817
2023-05-16,2023-05-16 11:11:00,BEARISH,18375.2,18395.2,11:00,2023-05-16 11:11:00,18374.7,0.5
2023-05-17,2023-05-17 12:01:00,BEARISH,18144.35,18164.35,12:00,2023-05-17 12:01:00,18139.0,5.349999999998545
2023-05-22,2023-05-22 13:22:00,BEARISH,18287.2,18307.2,13:00,2023-05-22 13:22:00,18292.7,-5.5
2023-05-23,2023-05-23 11:24:00,BEARISH,18402.95,18422.95,11:00,2023-05-23 11:24:00,18402.65,0.2999999999992724
2023-05-24,2023-05-24 12:15:00,BEARISH,18341.75,18361.75,12:00,2023-05-24 12:15:00,18341.2,0.5499999999992724
2023-05-25,2023-05-25 11:29:00,BEARISH,18219.0,18239.0,11:00,2023-05-25 11:29:00,18219.35,-0.3499999999985448
2023-05-31,2023-05-31 13:19:00,BEARISH,18491.0,18511.0,13:00,2023-05-31 13:19:00,18493.45,-2.4500000000007276
2023-06-01,2023-06-01 12:05:00,BEARISH,18541.85,18561.85,12:00,2023-06-01 12:05:00,18545.4,-3.5500000000029104
2023-06-08,2023-06-08 13:10:00,BEARISH,18684.2,18704.2,13:00,2023-06-08 13:10:00,18680.15,4.049999999999272
2023-06-09,2023-06-09 12:01:00,BULLISH,18633.7,18613.7,12:00,2023-06-09 12:01:00,18629.95,-3.75
2023-06-13,2023-06-13 11:04:00,BULLISH,18704.6,18684.6,11:00,2023-06-13 11:04:00,18707.2,2.600000000002183
2023-06-15,2023-06-15 11:22:00,BEARISH,18737.15,18757.15,11:00,2023-06-15 11:22:00,18738.6,-1.4499999999970896
2023-06-19,2023-06-19 13:11:00,BEARISH,18769.45,18789.45,13:00,2023-06-19 13:11:00,18762.6,6.850000000002183
2023-06-26,2023-06-26 13:08:00,BEARISH,18648.55,18668.55,13:00,2023-06-26 13:08:00,18649.95,-1.4000000000014552
2023-07-04,2023-07-04 13:20:00,BULLISH,19410.1,19390.1,13:00,2023-07-04 13:20:00,19414.65,4.55000000000291
2023-07-06,2023-07-06 11:26:00,BULLISH,19459.6,19439.6,11:00,2023-07-06 11:26:00,19458.55,-1.0499999999992724
2023-07-07,2023-07-07 11:26:00,BEARISH,19400.85,19420.85,11:00,2023-07-07 11:26:00,19397.25,3.599999999998545
2023-07-13,2023-07-13 11:22:00,BEARISH,19549.7,19569.7,11:00,2023-07-13 11:22:00,19550.95,-1.25
2023-07-17,2023-07-17 11:27:00,BULLISH,19613.6,19593.6,11:00,2023-07-17 11:27:00,19615.75,2.150000000001455
2023-07-19,2023-07-19 11:18:00,BEARISH,19734.2,19754.2,11:00,2023-07-19 11:18:00,19734.55,-0.3499999999985448
2023-07-21,2023-07-21 12:25:00,BEARISH,19750.35,19770.35,12:00,2023-07-21 12:25:00,19744.75,5.599999999998545
2023-07-28,2023-07-28 11:18:00,BEARISH,19592.05,19612.05,11:00,2023-07-28 11:18:00,19587.8,4.25
2023-08-03,2023-08-03 12:15:00,BEARISH,19458.95,19478.95,12:00,2023-08-03 12:15:00,19451.9,7.049999999999272
2023-08-04,2023-08-04 11:01:00,BULLISH,19477.15,19457.15,11:00,2023-08-04 11:01:00,19480.3,3.149999999997817
2023-08-09,2023-08-09 12:21:00,BEARISH,19481.3,19501.3,12:00,2023-08-09 12:21:00,19482.1,-0.7999999999992724
2023-08-14,2023-08-14 11:24:00,BULLISH,19347.7,19327.7,11:00,2023-08-14 11:24:00,19349.15,1.4500000000007276
2023-08-17,2023-08-17 12:17:00,BEARISH,19348.7,19368.7,12:00,2023-08-17 12:17:00,19351.25,-2.5499999999992724
2023-08-18,2023-08-18 12:19:00,BEARISH,19291.55,19311.55,12:00,2023-08-18 12:19:00,19291.25,0.2999999999992724
2023-08-23,2023-08-23 11:25:00,BULLISH,19420.55,19400.55,11:00,2023-08-23 11:26:00,19424.15,3.600000000002183
2023-08-24,2023-08-24 12:27:00,BEARISH,19444.0,19464.0,12:00,2023-08-24 12:27:00,19441.5,2.5
2023-08-25,2023-08-25 12:15:00,BEARISH,19284.5,19304.5,12:00,2023-08-25 12:15:00,19279.6,4.900000000001455
2023-08-29,2023-08-29 11:07:00,BEARISH,19331.4,19351.4,11:00,2023-08-29 11:07:00,19329.6,1.8000000000029104
2023-08-31,2023-08-31 11:04:00,BEARISH,19309.0,19329.0,11:00,2023-08-31 11:04:00,19311.65,-2.650000000001455
2023-09-01,2023-09-01 11:13:00,BEARISH,19327.7,19347.7,11:00,2023-09-01 11:13:00,19324.7,3.0
2023-09-07,2023-09-07 13:28:00,BULLISH,19635.0,19615.0,13:00,2023-09-07 13:28:00,19639.05,4.049999999999272
2023-09-12,2023-09-12 13:29:00,BEARISH,19994.45,20014.45,13:00,2023-09-12 13:29:00,19998.3,-3.849999999998545
2023-09-13,2023-09-13 11:25:00,BULLISH,20022.5,20002.5,11:00,2023-09-13 11:25:00,20020.25,-2.25
2023-09-14,2023-09-14 11:26:00,BEARISH,20089.1,20109.1,11:00,2023-09-14 11:26:00,20101.3,-12.200000000000728
2023-09-15,2023-09-15 12:19:00,BEARISH,20165.15,20185.15,12:00,2023-09-15 12:19:00,20172.9,-7.75
2023-09-18,2023-09-18 11:06:00,BEARISH,20166.95,20186.95,11:00,2023-09-18 11:06:00,20164.1,2.850000000002183
2023-09-22,2023-09-22 12:26:00,BEARISH,19782.55,19802.55,12:00,2023-09-22 12:27:00,19776.45,6.099999999998545
2023-09-27,2023-09-27 13:10:00,BULLISH,19682.6,19662.6,13:00,2023-09-27 13:10:00,19684.3,1.7000000000007276
2023-09-28,2023-09-28 11:07:00,BULLISH,19694.85,19674.85,11:00,2023-09-28 11:07:00,19696.35,1.5
2023-09-29,2023-09-29 12:30:00,BULLISH,19676.45,19656.45,12:00,2023-09-29 13:00:00,19666.6,-9.850000000002183
2023-10-06,2023-10-06 12:06:00,BEARISH,19617.75,19637.75,12:00,2023-10-06 12:06:00,19619.75,-2.0
2023-10-09,2023-10-09 12:18:00,BEARISH,19544.9,19564.9,12:00,2023-10-09 12:18:00,19539.55,5.350000000002183
2023-10-10,2023-10-10 12:02:00,BEARISH,19622.95,19642.95,12:00,2023-10-10 12:02:00,19624.8,-1.8499999999985448
2023-10-18,2023-10-18 11:10:00,BEARISH,19745.15,19765.15,11:00,2023-10-18 11:10:00,19737.6,7.55000000000291
2023-10-19,2023-10-19 11:26:00,BULLISH,19597.9,19577.9,11:00,2023-10-19 11:26:00,19599.35,1.4499999999970896
2023-10-25,2023-10-25 11:06:00,BEARISH,19263.45,19283.45,11:00,2023-10-25 11:06:00,19262.9,0.5499999999992724
2023-10-26,2023-10-26 11:01:00,BEARISH,18866.95,18886.95,11:00,2023-10-26 11:01:00,18867.15,-0.2000000000007276
2023-10-30,2023-10-30 11:24:00,BULLISH,19091.7,19071.7,11:00,2023-10-30 11:24:00,19094.75,3.0499999999992724
2023-11-01,2023-11-01 12:16:00,BULLISH,19061.75,19041.75,12:00,2023-11-01 12:16:00,19057.65,-4.099999999998545
2023-11-02,2023-11-02 11:08:00,BEARISH,19114.9,19134.9,11:00,2023-11-02 11:08:00,19118.2,-3.2999999999992724
2023-11-03,2023-11-03 13:11:00,BULLISH,19262.55,19242.55,13:00,2023-11-03 13:11:00,19257.8,-4.75
2023-11-08,2023-11-08 11:11:00,BEARISH,19408.3,19428.3,11:00,2023-11-08 11:12:00,19403.85,4.450000000000728
2023-11-09,2023-11-09 13:12:00,BEARISH,19424.0,19444.0,13:00,2023-11-09 13:12:00,19434.9,-10.900000000001455
2023-11-17,2023-11-17 13:09:00,BULLISH,19774.6,19754.6,13:00,2023-11-17 13:09:00,19771.85,-2.75
2023-11-20,2023-11-20 11:14:00,BEARISH,19696.6,19716.6,11:00,2023-11-20 11:15:00,19682.1,14.5
2023-11-24,2023-11-24 11:19:00,BULLISH,19812.25,19792.25,11:00,2023-11-24 11:19:00,19810.85,-1.4000000000014552
2023-12-04,2023-12-04 13:22:00,BULLISH,20610.5,20590.5,13:00,2023-12-04 13:22:00,20608.85,-1.6500000000014552
2023-12-07,2023-12-07 11:05:00,BULLISH,20928.85,20908.85,11:00,2023-12-07 11:05:00,20927.65,-1.1999999999970896
2023-12-11,2023-12-11 13:05:00,BEARISH,20967.4,20987.4,13:00,2023-12-11 13:05:00,20970.35,-2.9499999999970896
2023-12-14,2023-12-14 13:20:00,BULLISH,21196.35,21176.35,13:00,2023-12-14 13:21:00,21199.4,3.0500000000029104
2023-12-18,2023-12-18 12:16:00,BULLISH,21464.5,21444.5,12:00,2023-12-18 12:16:00,21464.0,-0.5
2023-12-21,2023-12-21 12:05:00,BULLISH,21191.5,21171.5,12:00,2023-12-21 12:05:00,21187.35,-4.150000000001455
2023-12-28,2023-12-28 11:09:00,BULLISH,21733.35,21713.35,11:00,2023-12-28 11:09:00,21734.6,1.25
2023-12-29,2023-12-29 11:16:00,BULLISH,21723.35,21703.35,11:00,2023-12-29 11:16:00,21725.65,2.3000000000029104
2024-01-03,2024-01-03 12:25:00,BEARISH,21529.15,21549.15,12:00,2024-01-03 12:25:00,21533.5,-4.349999999998545
2024-01-05,2024-01-05 11:18:00,BEARISH,21671.05,21691.05,11:00,2024-01-05 11:18:00,21669.2,1.8499999999985448
2024-01-12,2024-01-12 11:01:00,BULLISH,21847.2,21827.2,11:00,2024-01-12 11:01:00,21837.95,-9.25
2024-01-23,2024-01-23 11:04:00,BEARISH,21537.35,21557.35,11:00,2024-01-23 11:04:00,21555.1,-17.75
2024-01-24,2024-01-24 13:01:00,BULLISH,21314.4,21294.4,13:00,2024-01-24 13:01:00,21325.05,10.649999999997817
2024-01-30,2024-01-30 11:07:00,BEARISH,21675.25,21695.25,11:00,2024-01-30 11:08:00,21667.45,7.799999999999272
2024-02-01,2024-02-01 12:03:00,BEARISH,21686.85,21706.85,12:00,2024-02-01 12:03:00,21675.0,11.849999999998545
2024-02-02,2024-02-02 12:28:00,BEARISH,22009.45,22029.45,12:00,2024-02-02 13:00:00,21887.3,122.15000000000146
2024-02-06,2024-02-06 11:13:00,BEARISH,21848.3,21868.3,11:00,2024-02-06 11:13:00,21852.65,-4.350000000002183
2024-02-12,2024-02-12 12:04:00,BEARISH,21659.45,21679.45,12:00,2024-02-12 12:04:00,21649.55,9.900000000001455
2024-02-13,2024-02-13 11:06:00,BULLISH,21742.7,21722.7,11:00,2024-02-13 11:06:00,21746.05,3.349999999998545
2024-02-15,2024-02-15 13:20:00,BEARISH,21845.25,21865.25,13:00,2024-02-15 13:20:00,21858.45,-13.200000000000728
2024-02-16,2024-02-16 12:22:00,BEARISH,22027.4,22047.4,12:00,2024-02-16 12:22:00,22029.55,-2.149999999997817
2024-02-19,2024-02-19 11:16:00,BULLISH,22132.15,22112.15,11:00,2024-02-19 11:17:00,22137.7,5.549999999999272
2024-02-20,2024-02-20 11:19:00,BULLISH,22107.0,22087.0,11:00,2024-02-20 11:19:00,22111.75,4.75
2024-02-28,2024-02-28 11:01:00,BEARISH,22031.4,22051.4,11:00,2024-02-28 11:01:00,22055.55,-24.149999999997817
2024-02-29,2024-02-29 12:10:00,BEARISH,21949.35,21969.35,12:00,2024-02-29 12:10:00,21943.75,5.599999999998545
2024-03-05,2024-03-05 13:01:00,BULLISH,22413.2,22393.2,13:00,2024-03-05 13:01:00,22402.8,-10.400000000001455
2024-03-12,2024-03-12 12:11:00,BULLISH,22376.45,22356.45,12:00,2024-03-12 12:11:00,22384.7,8.25
2024-03-18,2024-03-18 11:14:00,BEARISH,21969.45,21989.45,11:00,2024-03-18 11:14:00,21949.7,19.75
2024-04-01,2024-04-01 11:10:00,BEARISH,22457.2,22477.2,11:00,2024-04-01 11:10:00,22460.35,-3.149999999997817
2024-04-04,2024-04-04 13:26:00,BULLISH,22525.1,22505.1,13:00,2024-04-04 13:26:00,22523.95,-1.1499999999978172
2024-04-05,2024-04-05 11:11:00,BULLISH,22508.6,22488.6,11:00,2024-04-05 11:11:00,22504.85,-3.75
2024-04-09,2024-04-09 12:13:00,BEARISH,22726.6,22746.6,12:00,2024-04-09 12:13:00,22722.45,4.149999999997817
2024-04-12,2024-04-12 12:19:00,BEARISH,22602.55,22622.55,12:00,2024-04-12 12:19:00,22623.9,-21.350000000002183
2024-04-18,2024-04-18 13:09:00,BEARISH,22286.75,22306.75,13:00,2024-04-18 13:09:00,22285.65,1.0999999999985448
2024-04-19,2024-04-19 12:19:00,BULLISH,21951.1,21931.1,12:00,2024-04-19 12:19:00,21943.8,-7.299999999999272
2024-04-22,2024-04-22 12:29:00,BEARISH,22282.05,22302.05,12:00,2024-04-22 12:29:00,22284.65,-2.600000000002183
2024-04-23,2024-04-23 11:03:00,BEARISH,22376.8,22396.8,11:00,2024-04-23 11:03:00,22370.3,6.5
2024-04-25,2024-04-25 11:22:00,BEARISH,22386.45,22406.45,11:00,2024-04-25 11:22:00,22396.35,-9.899999999997817
2024-04-26,2024-04-26 11:06:00,BEARISH,22528.25,22548.25,11:00,2024-04-26 11:06:00,22524.7,3.5499999999992724
2024-04-30,2024-04-30 13:25:00,BULLISH,22731.5,22711.5,13:00,2024-04-30 13:25:00,22730.1,-1.4000000000014552
2024-05-02,2024-05-02 11:29:00,BULLISH,22666.3,22646.3,11:00,2024-05-02 12:00:00,22685.55,19.25
2024-05-03,2024-05-03 11:21:00,BEARISH,22566.75,22586.75,11:00,2024-05-03 11:23:00,22543.1,23.650000000001455
2024-05-06,2024-05-06 13:22:00,BEARISH,22429.2,22449.2,13:00,2024-05-06 13:22:00,22447.0,-17.799999999999272
2024-05-07,2024-05-07 11:08:00,BEARISH,22312.25,22332.25,11:00,2024-05-07 11:08:00,22314.2,-1.9500000000007276
2024-05-08,2024-05-08 11:20:00,BULLISH,22287.8,22267.8,11:00,2024-05-08 11:20:00,22276.85,-10.950000000000728
2024-05-10,2024-05-10 12:19:00,BEARISH,22017.25,22037.25,12:00,2024-05-10 12:19:00,22023.7,-6.450000000000728
2024-05-13,2024-05-13 12:26:00,BULLISH,22005.5,21985.5,12:00,2024-05-13 12:26:00,22009.2,3.7000000000007276
2024-05-15,2024-05-15 13:14:00,BEARISH,22191.0,22211.0,13:00,2024-05-15 13:14:00,22191.9,-0.9000000000014552
2024-05-16,2024-05-16 12:15:00,BULLISH,22291.15,22271.15,12:00,2024-05-16 12:15:00,22279.7,-11.450000000000728
2024-05-21,2024-05-21 11:17:00,BULLISH,22510.85,22490.85,11:00,2024-05-21 11:17:00,22507.5,-3.349999999998545
2024-05-23,2024-05-23 11:05:00,BULLISH,22713.65,22693.65,11:00,2024-05-23 11:05:00,22707.7,-5.950000000000728
2024-05-29,2024-05-29 11:18:00,BEARISH,22707.5,22727.5,11:00,2024-05-29 11:18:00,22713.65,-6.150000000001455
2024-05-30,2024-05-30 11:23:00,BEARISH,22548.25,22568.25,11:00,2024-05-30 11:23:00,22547.25,1.0
2024-06-04,2024-06-04 11:08:00,BEARISH,22125.35,22145.35,11:00,2024-06-04 11:09:00,22189.3,-63.95000000000073
2024-06-05,2024-06-05 11:05:00,BULLISH,22255.8,22235.8,11:00,2024-06-05 11:05:00,22246.25,-9.549999999999272
2024-06-06,2024-06-06 13:03:00,BEARISH,22697.15,22717.15,13:00,2024-06-06 13:04:00,22689.45,7.700000000000728
2024-06-07,2024-06-07 11:07:00,BULLISH,23076.55,23056.55,11:00,2024-06-07 11:07:00,23079.85,3.2999999999992724
2024-06-13,2024-06-13 12:18:00,BULLISH,23404.5,23384.5,12:00,2024-06-13 12:18:00,23406.0,1.5
2024-06-18,2024-06-18 11:11:00,BULLISH,23548.15,23528.15,11:00,2024-06-18 11:11:00,23544.1,-4.05000000000291
2024-06-20,2024-06-20 13:21:00,BULLISH,23596.05,23576.05,13:00,2024-06-20 13:21:00,23599.35,3.2999999999992724
2024-06-21,2024-06-21 11:03:00,BEARISH,23506.6,23526.6,11:00,2024-06-21 11:03:00,23509.4,-2.8000000000029104
2024-06-24,2024-06-24 12:29:00,BULLISH,23552.4,23532.4,12:00,2024-06-24 12:29:00,23545.1,-7.30000000000291
2024-06-28,2024-06-28 12:21:00,BEARISH,24055.6,24075.6,12:00,2024-06-28 12:22:00,24043.55,12.049999999999272
2024-07-12,2024-07-12 11:02:00,BULLISH,24576.75,24556.75,11:00,2024-07-12 11:02:00,24566.95,-9.799999999999272
2024-07-18,2024-07-18 11:14:00,BEARISH,24539.75,24559.75,11:00,2024-07-18 11:14:00,24537.35,2.400000000001455
2024-07-19,2024-07-19 12:21:00,BEARISH,24654.7,24674.7,12:00,2024-07-19 12:21:00,24636.0,18.700000000000728
2024-07-23,2024-07-23 11:17:00,BEARISH,24479.05,24499.05,11:00,2024-07-23 11:17:00,24456.0,23.049999999999272
2024-07-24,2024-07-24 12:18:00,BEARISH,24340.3,24360.3,12:00,2024-07-24 12:18:00,24334.5,5.799999999999272
2024-07-26,2024-07-26 13:10:00,BULLISH,24742.65,24722.65,13:00,2024-07-26 13:10:00,24749.5,6.849999999998545
2024-07-29,2024-07-29 12:20:00,BEARISH,24808.6,24828.6,12:00,2024-07-29 12:20:00,24830.1,-21.5
2024-08-01,2024-08-01 11:13:00,BULLISH,25032.85,25012.85,11:00,2024-08-01 11:14:00,25033.45,0.6000000000021828
2024-08-05,2024-08-05 11:03:00,BEARISH,24063.65,24083.65,11:00,2024-08-05 11:03:00,24061.75,1.9000000000014552
2024-08-06,2024-08-06 13:24:00,BEARISH,24143.2,24163.2,13:00,2024-08-06 13:24:00,24141.9,1.2999999999992724
2024-08-07,2024-08-07 12:22:00,BULLISH,24264.15,24244.15,12:00,2024-08-07 12:22:00,24264.45,0.2999999999992724
2024-08-09,2024-08-09 11:24:00,BULLISH,24352.6,24332.6,11:00,2024-08-09 11:24:00,24352.35,-0.25
2024-08-12,2024-08-12 11:17:00,BULLISH,24452.4,24432.4,11:00,2024-08-12 11:17:00,24457.2,4.799999999999272
2024-08-16,2024-08-16 12:04:00,BULLISH,24396.75,24376.75,12:00,2024-08-16 12:04:00,24407.1,10.349999999998545
2024-08-21,2024-08-21 13:19:00,BEARISH,24713.0,24733.0,13:00,2024-08-21 13:19:00,24704.2,8.799999999999272
2024-08-22,2024-08-22 13:19:00,BULLISH,24813.25,24793.25,13:00,2024-08-22 13:19:00,24815.7,2.4500000000007276
2024-08-29,2024-08-29 12:29:00,BULLISH,25123.1,25103.1,12:00,2024-08-29 12:29:00,25142.9,19.80000000000291
2024-09-05,2024-09-05 13:20:00,BEARISH,25175.55,25195.55,13:00,2024-09-05 13:20:00,25172.65,2.899999999997817
2024-09-06,2024-09-06 11:09:00,BEARISH,24889.1,24909.1,11:00,2024-09-06 11:09:00,24876.65,12.44999999999709
2024-09-12,2024-09-12 11:26:00,BEARISH,24955.95,24975.95,11:00,2024-09-12 11:26:00,24978.5,-22.549999999999272
2024-09-13,2024-09-13 13:16:00,BEARISH,25380.75,25400.75,13:00,2024-09-13 13:16:00,25379.3,1.4500000000007276
2024-09-19,2024-09-19 13:08:00,BULLISH,25429.8,25409.8,13:00,2024-09-19 13:08:00,25420.15,-9.649999999997817
2024-09-20,2024-09-20 11:13:00,BULLISH,25703.5,25683.5,11:00,2024-09-20 11:14:00,25702.25,-1.25
2024-09-23,2024-09-23 13:22:00,BULLISH,25885.05,25865.05,13:00,2024-09-23 13:22:00,25887.45,2.400000000001455
2024-09-30,2024-09-30 11:25:00,BEARISH,25915.5,25935.5,11:00,2024-09-30 11:25:00,25911.65,3.849999999998545
2024-10-03,2024-10-03 11:20:00,BEARISH,25456.55,25476.55,11:00,2024-10-03 11:20:00,25458.55,-2.0
2024-10-07,2024-10-07 11:06:00,BEARISH,24804.8,24824.8,11:00,2024-10-07 11:06:00,24828.85,-24.049999999999272
2024-10-08,2024-10-08 11:07:00,BULLISH,24944.05,24924.05,11:00,2024-10-08 11:07:00,24948.35,4.299999999999272
2024-10-09,2024-10-09 13:20:00,BEARISH,25091.4,25111.4,13:00,2024-10-09 13:20:00,25072.4,19.0
2024-10-11,2024-10-11 11:03:00,BEARISH,24949.2,24969.2,11:00,2024-10-11 11:03:00,24961.35,-12.149999999997817
2024-10-15,2024-10-15 11:26:00,BEARISH,25046.75,25066.75,11:00,2024-10-15 11:26:00,25053.25,-6.5
2024-10-18,2024-10-18 12:28:00,BULLISH,24842.75,24822.75,12:00,2024-10-18 12:28:00,24842.2,-0.5499999999992724
2024-10-21,2024-10-21 13:21:00,BULLISH,24815.75,24795.75,13:00,2024-10-21 13:21:00,24810.05,-5.700000000000728
2024-10-22,2024-10-22 12:29:00,BEARISH,24641.3,24661.3,12:00,2024-10-22 12:29:00,24641.15,0.1499999999978172
2024-10-25,2024-10-25 12:25:00,BEARISH,24101.8,24121.8,12:00,2024-10-25 12:25:00,24100.2,1.5999999999985448
2024-10-29,2024-10-29 12:03:00,BULLISH,24265.6,24245.6,12:00,2024-10-29 12:03:00,24282.55,16.950000000000728
2024-11-07,2024-11-07 11:20:00,BEARISH,24194.65,24214.65,11:00,2024-11-07 11:20:00,24194.15,0.5
2024-11-11,2024-11-11 11:15:00,BULLISH,24309.35,24289.35,11:00,2024-11-11 11:15:00,24317.2,7.850000000002183
2024-11-12,2024-11-12 13:18:00,BEARISH,23946.85,23966.85,13:00,2024-11-12 13:18:00,23950.6,-3.75
2024-11-14,2024-11-14 12:15:00,BULLISH,23562.7,23542.7,12:00,2024-11-14 12:15:00,23555.45,-7.25
2024-11-18,2024-11-18 12:28:00,BULLISH,23521.45,23501.45,12:00,2024-11-18 12:28:00,23529.85,8.399999999997817
2024-11-19,2024-11-19 11:01:00,BULLISH,23727.8,23707.8,11:00,2024-11-19 11:01:00,23725.65,-2.149999999997817
2024-11-22,2024-11-22 12:07:00,BULLISH,23640.2,23620.2,12:00,2024-11-22 12:07:00,23648.45,8.25
2024-11-25,2024-11-25 11:02:00,BULLISH,24331.95,24311.95,11:00,2024-11-25 11:03:00,24336.65,4.700000000000728
2024-11-27,2024-11-27 12:21:00,BULLISH,24242.9,24222.9,12:00,2024-11-27 12:21:00,24251.1,8.19999999999709
2024-12-05,2024-12-05 12:06:00,BULLISH,24449.3,24429.3,12:00,2024-12-05 12:09:00,24516.75,67.45000000000073
2024-12-06,2024-12-06 11:07:00,BULLISH,24738.75,24718.75,11:00,2024-12-06 11:07:00,24738.95,0.2000000000007276
2024-12-10,2024-12-10 12:16:00,BEARISH,24574.95,24594.95,12:00,2024-12-10 12:16:00,24591.1,-16.149999999997817
2024-12-11,2024-12-11 11:16:00,BEARISH,24649.5,24669.5,11:00,2024-12-11 11:16:00,24652.65,-3.150000000001455
2024-12-12,2024-12-12 11:09:00,BEARISH,24594.2,24614.2,11:00,2024-12-12 11:09:00,24598.55,-4.349999999998545
2024-12-13,2024-12-13 12:01:00,BULLISH,24574.15,24554.15,12:00,2024-12-13 12:01:00,24518.75,-55.400000000001455
2024-12-16,2024-12-16 11:15:00,BEARISH,24628.05,24648.05,11:00,2024-12-16 11:15:00,24625.05,3.0
2024-12-17,2024-12-17 12:16:00,BEARISH,24376.75,24396.75,12:00,2024-12-17 12:16:00,24389.65,-12.900000000001455
2024-12-18,2024-12-18 12:08:00,BEARISH,24212.15,24232.15,12:00,2024-12-18 12:08:00,24225.7,-13.549999999999272
2024-12-23,2024-12-23 11:01:00,BULLISH,23835.1,23815.1,11:00,2024-12-23 11:01:00,23830.7,-4.399999999997817
2024-12-26,2024-12-26 11:21:00,BEARISH,23741.0,23761.0,11:00,2024-12-26 11:21:00,23745.4,-4.400000000001455
2024-12-30,2024-12-30 12:30:00,BEARISH,23793.5,23813.5,12:00,2024-12-30 13:00:00,23778.75,14.75
2025-01-01,2025-01-01 11:28:00,BULLISH,23762.15,23742.15,11:00,2025-01-01 11:28:00,23737.8,-24.350000000002183
2025-01-02,2025-01-02 11:10:00,BULLISH,23946.2,23926.2,11:00,2025-01-02 11:10:00,23951.55,5.349999999998545
2025-01-06,2025-01-06 11:13:00,BEARISH,23731.35,23751.35,11:00,2025-01-06 11:13:00,23735.6,-4.25
2025-01-10,2025-01-10 11:16:00,BULLISH,23584.95,23564.95,11:00,2025-01-10 11:16:00,23580.6,-4.350000000002183
2025-01-13,2025-01-13 11:17:00,BULLISH,23286.45,23266.45,11:00,2025-01-13 11:17:00,23288.65,2.2000000000007276
2025-01-21,2025-01-21 12:16:00,BEARISH,23225.6,23245.6,12:00,2025-01-21 12:17:00,23167.4,58.19999999999709
2025-01-22,2025-01-22 11:11:00,BEARISH,23064.05,23084.05,11:00,2025-01-22 11:11:00,23070.35,-6.299999999999272
2025-01-27,2025-01-27 12:14:00,BEARISH,22869.05,22889.05,12:00,2025-01-27 12:14:00,22881.55,-12.5
2025-01-28,2025-01-28 11:02:00,BULLISH,22963.2,22943.2,11:00,2025-01-28 11:02:00,22974.9,11.700000000000728
2025-01-29,2025-01-29 11:24:00,BEARISH,23019.75,23039.75,11:00,2025-01-29 11:24:00,22995.65,24.099999999998545
2025-01-30,2025-01-30 11:01:00,BULLISH,23253.05,23233.05,11:00,2025-01-30 11:01:00,23242.8,-10.25
2025-01-31,2025-01-31 13:01:00,BULLISH,23488.4,23468.4,13:00,2025-01-31 13:01:00,23489.1,0.6999999999970896
2025-02-03,2025-02-03 13:04:00,BULLISH,23332.25,23312.25,13:00,2025-02-03 13:04:00,23328.85,-3.400000000001455
2025-02-04,2025-02-04 11:22:00,BULLISH,23541.3,23521.3,11:00,2025-02-04 11:22:00,23535.05,-6.25
2025-02-11,2025-02-11 13:01:00,BEARISH,23156.25,23176.25,13:00,2025-02-11 13:03:00,23142.0,14.25
2025-02-17,2025-02-17 13:02:00,BULLISH,22887.3,22867.3,13:00,2025-02-17 13:02:00,22881.75,-5.549999999999272
2025-02-27,2025-02-27 13:21:00,BULLISH,22537.4,22517.4,13:00,2025-02-27 13:21:00,22533.75,-3.650000000001455
2025-03-03,2025-03-03 13:21:00,BEARISH,22138.15,22158.15,13:00,2025-03-03 13:21:00,22138.65,-0.5
2025-03-06,2025-03-06 11:23:00,BEARISH,22380.25,22400.25,11:00,2025-03-06 11:23:00,22380.35,-0.09999999999854481
2025-03-13,2025-03-13 13:10:00,BEARISH,22428.95,22448.95,13:00,2025-03-13 13:10:00,22430.55,-1.5999999999985448
2025-03-17,2025-03-17 12:26:00,BEARISH,22467.55,22487.55,12:00,2025-03-17 12:26:00,22459.35,8.200000000000728
2025-03-18,2025-03-18 12:29:00,BEARISH,22736.6,22756.6,12:00,2025-03-18 12:29:00,22730.8,5.799999999999272
2025-03-19,2025-03-19 13:01:00,BULLISH,22938.4,22918.4,13:00,2025-03-19 13:01:00,22927.5,-10.900000000001455
2025-03-20,2025-03-20 13:07:00,BULLISH,23106.05,23086.05,13:00,2025-03-20 13:07:00,23107.9,1.8500000000021828
2025-03-21,2025-03-21 12:22:00,BULLISH,23384.35,23364.35,12:00,2025-03-21 12:22:00,23386.25,1.9000000000014552
2025-03-26,2025-03-26 12:19:00,BEARISH,23587.25,23607.25,12:00,2025-03-26 12:19:00,23591.65,-4.400000000001455
2025-03-27,2025-03-27 11:01:00,BULLISH,23601.0,23581.0,11:00,2025-03-27 11:01:00,23597.1,-3.900000000001455
2025-04-01,2025-04-01 13:09:00,BEARISH,23180.85,23200.85,13:00,2025-04-01 13:09:00,23184.35,-3.5
2025-04-02,2025-04-02 11:23:00,BULLISH,23286.8,23266.8,11:00,2025-04-02 11:23:00,23276.75,-10.049999999999272
2025-04-08,2025-04-08 11:28:00,BEARISH,22348.35,22368.35,11:00,2025-04-08 11:28:00,22357.3,-8.950000000000728
2025-04-11,2025-04-11 13:02:00,BULLISH,22892.55,22872.55,13:00,2025-04-11 13:03:00,22899.25,6.700000000000728
2025-04-17,2025-04-17 11:17:00,BULLISH,23472.65,23452.65,11:00,2025-04-17 11:17:00,23478.45,5.799999999999272
2025-04-28,2025-04-28 13:10:00,BULLISH,24341.4,24321.4,13:00,2025-04-28 13:11:00,24345.25,3.849999999998545
2025-04-30,2025-04-30 12:26:00,BULLISH,24358.15,24338.15,12:00,2025-04-30 12:26:00,24358.65,0.5
2025-05-02,2025-05-02 12:29:00,BEARISH,24249.65,24269.65,12:00,2025-05-02 12:29:00,24242.75,6.900000000001455
2025-05-13,2025-05-13 11:03:00,BULLISH,24807.3,24787.3,11:00,2025-05-13 11:03:00,24813.9,6.600000000002183
2025-05-15,2025-05-15 12:08:00,BULLISH,24675.05,24655.05,12:00,2025-05-15 12:09:00,24699.8,24.75
2025-05-16,2025-05-16 12:03:00,BULLISH,24988.55,24968.55,12:00,2025-05-16 12:03:00,24989.8,1.25
2025-05-20,2025-05-20 12:11:00,BEARISH,24871.3,24891.3,12:00,2025-05-20 12:11:00,24871.15,0.1499999999978172
2025-05-21,2025-05-21 12:02:00,BEARISH,24803.2,24823.2,12:00,2025-05-21 12:02:00,24801.1,2.100000000002183
2025-05-22,2025-05-22 12:19:00,BEARISH,24560.45,24580.45,12:00,2025-05-22 12:19:00,24557.3,3.150000000001455
2025-05-23,2025-05-23 11:13:00,BULLISH,24898.7,24878.7,11:00,2025-05-23 11:13:00,24897.65,-1.0499999999992724
2025-05-27,2025-05-27 11:05:00,BULLISH,24876.35,24856.35,11:00,2025-05-27 11:06:00,24836.55,-39.79999999999927
2025-06-03,2025-06-03 11:15:00,BEARISH,24590.25,24610.25,11:00,2025-06-03 11:15:00,24596.85,-6.599999999998545
2025-06-04,2025-06-04 11:26:00,BULLISH,24596.15,24576.15,11:00,2025-06-04 11:26:00,24592.7,-3.4500000000007276
2025-06-05,2025-06-05 11:26:00,BULLISH,24747.55,24727.55,11:00,2025-06-05 11:26:00,24744.0,-3.5499999999992724
2025-06-11,2025-06-11 11:08:00,BULLISH,25177.15,25157.15,11:00,2025-06-11 11:08:00,25179.25,2.099999999998545
2025-06-12,2025-06-12 12:30:00,BEARISH,25035.35,25055.35,12:00,2025-06-12 13:00:00,25037.8,-2.4500000000007276
2025-06-13,2025-06-13 12:18:00,BULLISH,24720.65,24700.65,12:00,2025-06-13 12:18:00,24718.8,-1.8500000000021828
2025-06-16,2025-06-16 11:07:00,BULLISH,24917.05,24897.05,11:00,2025-06-16 11:07:00,24916.35,-0.7000000000007276
2025-06-20,2025-06-20 13:19:00,BULLISH,25060.45,25040.45,13:00,2025-06-20 13:20:00,25063.2,2.75
2025-06-23,2025-06-23 13:22:00,BULLISH,25021.9,25001.9,13:00,2025-06-23 13:22:00,25019.85,-2.0500000000029104
2025-06-24,2025-06-24 11:06:00,BULLISH,25246.45,25226.45,11:00,2025-06-24 11:06:00,25263.3,16.849999999998545
2025-06-26,2025-06-26 11:02:00,BULLISH,25354.5,25334.5,11:00,2025-06-26 11:02:00,25342.8,-11.700000000000728
2025-06-27,2025-06-27 11:25:00,BULLISH,25607.35,25587.35,11:00,2025-06-27 11:25:00,25602.1,-5.25
2025-06-30,2025-06-30 13:01:00,BEARISH,25507.55,25527.55,13:00,2025-06-30 13:01:00,25508.1,-0.5499999999992724
2025-07-01,2025-07-01 12:21:00,BULLISH,25540.65,25520.65,12:00,2025-07-01 12:21:00,25543.9,3.25
2025-07-02,2025-07-02 11:02:00,BEARISH,25484.8,25504.8,11:00,2025-07-02 11:02:00,25483.2,1.5999999999985448
2025-07-08,2025-07-08 11:30:00,BULLISH,25445.85,25425.85,11:00,2025-07-08 12:00:00,25447.95,2.100000000002183
2025-07-09,2025-07-09 13:23:00,BULLISH,25531.45,25511.45,13:00,2025-07-09 13:23:00,25535.95,4.5
2025-07-10,2025-07-10 13:21:00,BULLISH,25397.55,25377.55,13:00,2025-07-10 13:21:00,25398.05,0.5
2025-07-14,2025-07-14 11:29:00,BEARISH,25022.15,25042.15,11:00,2025-07-14 11:29:00,25036.35,-14.19999999999709
2025-07-17,2025-07-17 11:13:00,BULLISH,25199.55,25179.55,11:00,2025-07-17 11:13:00,25181.6,-17.950000000000728
2025-07-22,2025-07-22 13:06:00,BEARISH,25091.7,25111.7,13:00,2025-07-22 13:06:00,25083.4,8.299999999999272
2025-07-23,2025-07-23 11:22:00,BEARISH,25105.1,25125.1,11:00,2025-07-23 11:22:00,25117.0,-11.900000000001455
2025-07-24,2025-07-24 12:05:00,BEARISH,25037.45,25057.45,12:00,2025-07-24 12:06:00,25027.1,10.350000000002183
2025-07-30,2025-07-30 12:18:00,BULLISH,24870.6,24850.6,12:00,2025-07-30 12:19:00,24870.4,-0.19999999999708962
2025-07-31,2025-07-31 13:13:00,BULLISH,24927.95,24907.95,13:00,2025-07-31 13:13:00,24901.8,-26.150000000001455
2025-08-01,2025-08-01 11:02:00,BULLISH,24760.05,24740.05,11:00,2025-08-01 11:02:00,24767.0,6.950000000000728
2025-08-06,2025-08-06 12:22:00,BULLISH,24624.85,24604.85,12:00,2025-08-06 12:22:00,24617.0,-7.849999999998545
2025-08-11,2025-08-11 13:02:00,BULLISH,24491.8,24471.8,13:00,2025-08-11 13:02:00,24492.1,0.2999999999992724
2025-08-12,2025-08-12 11:04:00,BEARISH,24559.95,24579.95,11:00,2025-08-12 11:04:00,24556.65,3.2999999999992724
2025-08-13,2025-08-13 11:13:00,BEARISH,24570.6,24590.6,11:00,2025-08-13 11:13:00,24585.15,-14.55000000000291
2025-08-19,2025-08-19 12:21:00,BULLISH,24991.45,24971.45,12:00,2025-08-19 12:21:00,25000.7,9.25
2025-08-20,2025-08-20 13:17:00,BULLISH,25055.05,25035.05,13:00,2025-08-20 13:18:00,25061.8,6.75
2025-08-29,2025-08-29 13:12:00,BEARISH,24502.4,24522.4,13:00,2025-08-29 13:12:00,24504.7,-2.2999999999992724
2025-09-01,2025-09-01 13:29:00,BULLISH,24591.75,24571.75,13:00,2025-09-01 13:29:00,24592.9,1.1500000000014552
2025-09-02,2025-09-02 13:03:00,BULLISH,24743.3,24723.3,13:00,2025-09-02 13:03:00,24738.45,-4.849999999998545
2025-09-03,2025-09-03 13:08:00,BULLISH,24609.05,24589.05,13:00,2025-09-03 13:08:00,24613.1,4.049999999999272
2025-09-05,2025-09-05 12:18:00,BEARISH,24644.75,24664.75,12:00,2025-09-05 12:18:00,24644.55,0.2000000000007276
2025-09-09,2025-09-09 12:07:00,BEARISH,24824.25,24844.25,12:00,2025-09-09 12:07:00,24821.0,3.25
2025-09-10,2025-09-10 11:20:00,BEARISH,24981.35,25001.35,11:00,2025-09-10 11:20:00,24981.4,-0.05000000000291038
2025-09-12,2025-09-12 11:04:00,BULLISH,25090.2,25070.2,11:00,2025-09-12 11:04:00,25088.5,-1.7000000000007276
2025-09-17,2025-09-17 12:22:00,BULLISH,25327.85,25307.85,12:00,2025-09-17 12:22:00,25332.5,4.650000000001455
2025-09-18,2025-09-18 13:11:00,BEARISH,25355.75,25375.75,13:00,2025-09-18 13:11:00,25365.6,-9.849999999998545
2025-09-25,2025-09-25 11:22:00,BULLISH,25039.25,25019.25,11:00,2025-09-25 11:22:00,25041.0,1.75
2025-09-26,2025-09-26 13:18:00,BULLISH,24751.05,24731.05,13:00,2025-09-26 13:19:00,24755.4,4.350000000002183
2025-09-29,2025-09-29 12:20:00,BEARISH,24642.45,24662.45,12:00,2025-09-29 12:20:00,24647.4,-4.950000000000728
2025-09-30,2025-09-30 11:21:00,BULLISH,24677.1,24657.1,11:00,2025-09-30 11:21:00,24668.9,-8.19999999999709
2025-10-03,2025-10-03 12:27:00,BULLISH,24828.8,24808.8,12:00,2025-10-03 12:27:00,24826.9,-1.8999999999978172
2025-10-07,2025-10-07 12:11:00,BULLISH,25174.4,25154.4,12:00,2025-10-07 12:11:00,25165.05,-9.350000000002183
2025-10-08,2025-10-08 12:25:00,BEARISH,25013.8,25033.8,12:00,2025-10-08 12:25:00,25019.9,-6.100000000002183
2025-10-09,2025-10-09 11:02:00,BULLISH,25127.2,25107.2,11:00,2025-10-09 11:02:00,25121.8,-5.400000000001455
2025-10-10,2025-10-10 13:18:00,BULLISH,25317.5,25297.5,13:00,2025-10-10 13:18:00,25317.7,0.2000000000007276
2025-10-13,2025-10-13 13:15:00,BULLISH,25209.05,25189.05,13:00,2025-10-13 13:15:00,25213.1,4.049999999999272
2025-10-14,2025-10-14 12:03:00,BULLISH,25161.7,25141.7,12:00,2025-10-14 12:03:00,25162.1,0.3999999999978172
2025-10-16,2025-10-16 12:03:00,BULLISH,25459.75,25439.75,12:00,2025-10-16 12:03:00,25456.05,-3.7000000000007276
2025-10-17,2025-10-17 12:21:00,BULLISH,25772.45,25752.45,12:00,2025-10-17 12:21:00,25760.9,-11.549999999999272
2025-10-23,2025-10-23 13:14:00,BULLISH,26061.15,26041.15,13:00,2025-10-23 13:15:00,26061.25,0.09999999999854481
2025-10-28,2025-10-28 13:18:00,BEARISH,25904.3,25924.3,13:00,2025-10-28 13:18:00,25926.35,-22.049999999999272
2025-10-30,2025-10-30 11:07:00,BULLISH,25941.5,25921.5,11:00,2025-10-30 11:07:00,25942.1,0.5999999999985448
2025-10-31,2025-10-31 12:14:00,BEARISH,25801.55,25821.55,12:00,2025-10-31 12:14:00,25798.15,3.399999999997817
2025-11-03,2025-11-03 12:22:00,BULLISH,25724.9,25704.9,12:00,2025-11-03 12:22:00,25727.15,2.25
2025-11-06,2025-11-06 12:01:00,BULLISH,25569.75,25549.75,12:00,2025-11-06 12:01:00,25561.0,-8.75
2025-11-07,2025-11-07 11:13:00,BULLISH,25401.2,25381.2,11:00,2025-11-07 11:13:00,25410.8,9.599999999998545
2025-11-11,2025-11-11 13:06:00,BULLISH,25579.6,25559.6,13:00,2025-11-11 13:06:00,25579.15,-0.4499999999970896
2025-11-13,2025-11-13 11:06:00,BULLISH,25975.0,25955.0,11:00,2025-11-13 11:06:00,25971.4,-3.599999999998545
2025-11-14,2025-11-14 12:13:00,BULLISH,25832.1,25812.1,12:00,2025-11-14 12:13:00,25831.05,-1.0499999999992724
2025-11-19,2025-11-19 12:02:00,BULLISH,25993.35,25973.35,12:00,2025-11-19 12:02:00,25987.65,-5.69999999999709
2025-11-20,2025-11-20 12:01:00,BULLISH,26150.35,26130.35,12:00,2025-11-20 12:01:00,26150.7,0.3500000000021828
2025-11-21,2025-11-21 12:19:00,BULLISH,26136.25,26116.25,12:00,2025-11-21 12:19:00,26138.2,1.9500000000007276
2025-11-24,2025-11-24 13:07:00,BEARISH,26068.55,26088.55,13:00,2025-11-24 13:07:00,26083.1,-14.549999999999272
2025-11-25,2025-11-25 12:01:00,BEARISH,25983.05,26003.05,12:00,2025-11-25 12:01:00,25985.3,-2.25
2025-11-26,2025-11-26 12:04:00,BULLISH,26150.3,26130.3,12:00,2025-11-26 12:04:00,26148.55,-1.75
2025-12-01,2025-12-01 13:26:00,BEARISH,26172.35,26192.35,13:00,2025-12-01 13:26:00,26171.25,1.0999999999985448
2025-12-05,2025-12-05 12:23:00,BULLISH,26152.75,26132.75,12:00,2025-12-05 12:23:00,26154.3,1.5499999999992724
2025-12-08,2025-12-08 13:29:00,BEARISH,25956.2,25976.2,13:00,2025-12-08 13:29:00,25957.5,-1.2999999999992724
2025-12-16,2025-12-16 12:28:00,BULLISH,25905.7,25885.7,12:00,2025-12-16 12:28:00,25906.45,0.75
2025-12-18,2025-12-18 13:27:00,BULLISH,25878.45,25858.45,13:00,2025-12-18 13:28:00,25873.3,-5.150000000001455
2025-12-19,2025-12-19 12:02:00,BULLISH,25941.3,25921.3,12:00,2025-12-19 12:02:00,25941.35,0.049999999999272404
2025-12-23,2025-12-23 13:17:00,BULLISH,26191.95,26171.95,13:00,2025-12-23 13:18:00,26190.7,-1.25
2026-01-01,2026-01-01 13:24:00,BEARISH,26134.95,26154.95,13:00,2026-01-01 13:24:00,26130.55,4.400000000001455
2026-01-02,2026-01-02 13:06:00,BULLISH,26300.6,26280.6,13:00,2026-01-02 13:06:00,26297.2,-3.399999999997817
2026-01-12,2026-01-12 12:18:00,BULLISH,25606.1,25586.1,12:00,2026-01-12 12:18:00,25606.2,0.10000000000218279
2026-01-13,2026-01-13 13:29:00,BEARISH,25657.3,25677.3,13:00,2026-01-13 13:29:00,25654.35,2.9500000000007276
2026-01-16,2026-01-16 11:03:00,BULLISH,25839.65,25819.65,11:00,2026-01-16 11:03:00,25827.7,-11.950000000000728
2026-01-21,2026-01-21 13:09:00,BULLISH,25286.1,25266.1,13:00,2026-01-21 13:09:00,25260.0,-26.099999999998545
2026-01-22,2026-01-22 12:16:00,BEARISH,25220.1,25240.1,12:00,2026-01-22 12:16:00,25227.0,-6.900000000001455
2026-01-23,2026-01-23 13:16:00,BEARISH,25170.7,25190.7,13:00,2026-01-23 13:16:00,25163.75,6.950000000000728
2026-01-27,2026-01-27 13:23:00,BULLISH,25107.1,25087.1,13:00,2026-01-27 13:23:00,25098.7,-8.399999999997817
