date,entry_time,exit_time,direction,option_type,entry_spot,exit_spot,strike,expiry,days_to_expiry,vix,sigma_used,entry_option_px,exit_option_px,spot_pnl_points,option_pnl_per_unit,option_pnl_rupees,option_pnl_pct
2021-06-10,2021-06-10 11:01:00,2021-06-10 11:01:00,BULLISH,CE,15718.35,15716.1,15700,2021-06-17,7,14.97,0.1497,149.67,148.44,-2.25,-1.24,-61.77,-0.83
2021-06-14,2021-06-14 13:23:00,2021-06-14 13:23:00,BULLISH,CE,15765.95,15781.45,15750,2021-06-17,3,14.65,0.1465,96.22,104.95,15.5,8.74,436.77,9.08
2021-06-16,2021-06-16 13:09:00,2021-06-16 13:09:00,BEARISH,PE,15774.9,15777.8,15750,2021-06-17,1,15.11,0.1511,37.1,35.92,-2.899999999999636,-1.18,-58.87,-3.17
2021-07-12,2021-07-12 11:01:00,2021-07-12 11:01:00,BULLISH,CE,15784.2,15781.7,15800,2021-07-15,3,13.0,0.13,70.61,69.4,-2.5,-1.21,-60.49,-1.71
2021-07-20,2021-07-20 12:06:00,2021-07-20 12:06:00,BEARISH,PE,15585.45,15581.3,15600,2021-07-22,2,13.31,0.1331,65.88,68.07,4.150000000001455,2.19,109.3,3.32
2021-07-26,2021-07-26 13:14:00,2021-07-26 13:14:00,BEARISH,PE,15851.1,15851.25,15850,2021-07-29,3,12.46,0.1246,66.73,66.66,-0.1499999999996362,-0.07,-3.57,-0.11
2021-07-28,2021-07-28 13:20:00,2021-07-28 13:20:00,BULLISH,CE,15674.15,15674.85,15650,2021-07-29,1,13.7,0.137,59.55,59.97,0.7000000000007276,0.42,20.91,0.7
2021-08-09,2021-08-09 13:11:00,2021-08-09 13:11:00,BEARISH,PE,16225.4,16226.55,16250,2021-08-12,3,12.65,0.1265,82.5,81.89,-1.1499999999996362,-0.61,-30.51,-0.74
2021-08-16,2021-08-16 11:05:00,2021-08-16 11:05:00,BULLISH,CE,16547.1,16557.85,16550,2021-08-19,3,13.53,0.1353,83.96,89.6,10.75,5.64,282.01,6.72
2021-08-25,2021-08-25 11:24:00,2021-08-25 11:25:00,BULLISH,CE,16691.6,16696.95,16700,2021-08-26,1,13.49,0.1349,44.36,47.0,5.350000000002183,2.63,131.64,5.93
2021-09-06,2021-09-06 13:21:00,2021-09-06 13:21:00,BEARISH,PE,17372.3,17371.0,17350,2021-09-09,3,15.15,0.1515,80.15,80.73,1.2999999999992724,0.58,28.97,0.72
2021-09-16,2021-09-16 12:09:00,2021-09-16 12:09:00,BULLISH,CE,17575.35,17576.15,17600,2021-09-23,7,14.51,0.1451,139.54,139.94,0.8000000000029104,0.4,20.06,0.29
2021-09-20,2021-09-20 11:08:00,2021-09-20 11:08:00,BULLISH,CE,17604.85,17602.6,17600,2021-09-23,3,17.8,0.178,120.56,119.39,-2.25,-1.17,-58.69,-0.97
2021-09-24,2021-09-24 13:21:00,2021-09-24 13:21:00,BULLISH,CE,17860.25,17853.6,17850,2021-09-30,6,17.02,0.1702,170.45,166.92,-6.650000000001455,-3.53,-176.54,-2.07
2021-09-28,2021-09-28 12:20:00,2021-09-28 12:20:00,BEARISH,PE,17707.45,17709.15,17700,2021-09-30,2,18.53,0.1853,90.14,89.33,-1.7000000000007276,-0.8,-40.23,-0.89
2021-10-18,2021-10-18 11:13:00,2021-10-18 11:13:00,BEARISH,PE,18495.1,18498.3,18500,2021-10-21,3,17.28,0.1728,113.1,111.54,-3.200000000000728,-1.56,-78.05,-1.38
2021-10-19,2021-10-19 11:25:00,2021-10-19 11:25:00,BULLISH,CE,18565.5,18573.15,18550,2021-10-21,2,17.46,0.1746,107.13,111.3,7.650000000001455,4.17,208.7,3.9
2021-10-28,2021-10-28 12:28:00,2021-10-28 12:28:00,BEARISH,PE,17991.1,17991.6,18000,2021-11-04,7,17.99,0.1799,172.06,171.82,-0.5,-0.24,-12.07,-0.14
2021-11-15,2021-11-15 11:28:00,2021-11-15 11:28:00,BEARISH,PE,18119.1,18114.9,18100,2021-11-18,3,15.53,0.1553,87.95,89.87,4.19999999999709,1.91,95.66,2.18
2021-11-22,2021-11-22 12:10:00,2021-11-22 12:10:00,BEARISH,PE,17432.95,17464.4,17450,2021-11-25,3,17.47,0.1747,114.08,98.82,-31.450000000000728,-15.26,-763.15,-13.38
2021-11-23,2021-11-23 11:29:00,2021-11-23 12:00:00,BULLISH,CE,17414.4,17454.85,17400,2021-11-25,2,17.9,0.179,102.66,125.83,40.44999999999709,23.17,1158.31,22.57
2021-12-03,2021-12-03 13:14:00,2021-12-03 13:14:00,BEARISH,PE,17284.55,17289.55,17300,2021-12-09,6,18.39,0.1839,161.06,158.61,-5.0,-2.45,-122.47,-1.52
2021-12-13,2021-12-13 11:13:00,2021-12-13 11:13:00,BEARISH,PE,17570.9,17574.6,17550,2021-12-16,3,16.59,0.1659,90.89,89.23,-3.6999999999970896,-1.66,-82.99,-1.83
2021-12-15,2021-12-15 12:02:00,2021-12-15 12:02:00,BEARISH,PE,17239.85,17241.85,17250,2021-12-16,1,17.41,0.1741,66.29,65.26,-2.0,-1.03,-51.36,-1.55
2021-12-17,2021-12-17 11:24:00,2021-12-17 11:24:00,BEARISH,PE,17034.5,17044.25,17050,2021-12-23,6,16.37,0.1637,141.27,136.52,-9.75,-4.75,-237.59,-3.36
2021-12-24,2021-12-24 13:04:00,2021-12-24 13:04:00,BULLISH,CE,16965.65,16965.95,16950,2021-12-30,6,16.18,0.1618,157.79,157.95,0.2999999999992724,0.16,8.14,0.1
2022-01-03,2022-01-03 12:01:00,2022-01-03 12:01:00,BULLISH,CE,17529.2,17526.8,17550,2022-01-06,3,16.43,0.1643,98.58,97.42,-2.400000000001455,-1.16,-58.04,-1.18
2022-01-05,2022-01-05 12:21:00,2022-01-05 12:21:00,BULLISH,CE,17874.85,17872.7,17850,2022-01-06,1,17.2,0.172,79.14,77.91,-2.149999999997817,-1.22,-61.1,-1.54
2022-01-06,2022-01-06 12:06:00,2022-01-06 12:06:00,BEARISH,PE,17667.15,17680.0,17650,2022-01-13,7,18.08,0.1808,157.39,151.56,-12.849999999998545,-5.83,-291.68,-3.71
2022-01-18,2022-01-18 11:28:00,2022-01-18 11:28:00,BULLISH,CE,18248.85,18250.8,18250,2022-01-20,2,17.8,0.178,98.61,99.61,1.950000000000728,1.0,50.03,1.01
2022-01-21,2022-01-21 13:11:00,2022-01-21 13:11:00,BULLISH,CE,17693.0,17697.25,17700,2022-01-27,6,19.07,0.1907,178.53,180.74,4.25,2.2,110.03,1.23
2022-02-03,2022-02-03 11:16:00,2022-02-03 11:16:00,BEARISH,PE,17699.9,17695.35,17700,2022-02-10,7,19.56,0.1956,180.37,182.55,4.55000000000291,2.18,108.8,1.21
2022-02-11,2022-02-11 13:14:00,2022-02-11 13:14:00,BULLISH,CE,17404.15,17407.85,17400,2022-02-17,6,18.83,0.1883,179.12,181.08,3.6999999999970896,1.95,97.71,1.09
2022-04-06,2022-04-06 13:25:00,2022-04-06 13:25:00,BEARISH,PE,17815.35,17810.6,17800,2022-04-07,1,19.15,0.1915,62.33,64.52,4.75,2.19,109.72,3.52
2022-04-11,2022-04-11 12:01:00,2022-04-11 12:01:00,BULLISH,CE,17723.2,17726.6,17700,2022-04-14,3,18.15,0.1815,133.29,135.16,3.399999999997817,1.87,93.53,1.4
2022-04-18,2022-04-18 12:01:00,2022-04-18 12:01:00,BEARISH,PE,17146.1,17149.65,17150,2022-04-21,3,19.2,0.192,116.44,114.71,-3.5500000000029104,-1.73,-86.46,-1.49
2022-04-22,2022-04-22 11:21:00,2022-04-22 11:22:00,BULLISH,CE,17310.2,17306.45,17300,2022-04-28,6,18.31,0.1831,176.72,174.73,-3.75,-1.99,-99.56,-1.13
2022-06-10,2022-06-10 11:30:00,2022-06-10 12:00:00,BEARISH,PE,16247.7,16249.55,16250,2022-06-16,6,19.67,0.1967,155.97,155.09,-1.8499999999985448,-0.89,-44.35,-0.57
2022-07-26,2022-07-26 11:04:00,2022-07-26 11:05:00,BULLISH,CE,16520.85,16518.7,16500,2022-07-28,2,18.11,0.1811,102.29,101.11,-2.149999999997817,-1.18,-59.0,-1.15
2022-08-01,2022-08-01 13:28:00,2022-08-01 13:28:00,BULLISH,CE,17294.75,17294.2,17300,2022-08-04,3,17.49,0.1749,111.4,111.12,-0.5499999999992724,-0.28,-13.99,-0.25
2022-08-04,2022-08-04 11:15:00,2022-08-04 11:17:00,BEARISH,PE,17396.2,17360.55,17400,2022-08-11,7,19.29,0.1929,176.49,194.13,35.650000000001455,17.63,881.68,9.99
2022-08-08,2022-08-08 11:06:00,2022-08-08 11:06:00,BULLISH,CE,17468.5,17468.0,17450,2022-08-11,3,19.24,0.1924,135.88,135.61,-0.5,-0.27,-13.49,-0.2
2022-08-16,2022-08-16 11:01:00,2022-08-16 11:01:00,BULLISH,CE,17834.9,17835.5,17850,2022-08-18,2,17.58,0.1758,88.31,88.6,0.5999999999985448,0.29,14.64,0.33
2022-08-19,2022-08-19 11:08:00,2022-08-19 11:08:00,BEARISH,PE,17885.1,17881.15,17900,2022-08-25,6,18.52,0.1852,167.3,169.25,3.9499999999970896,1.95,97.4,1.16
2022-08-22,2022-08-22 11:04:00,2022-08-22 11:04:00,BEARISH,PE,17554.5,17571.75,17550,2022-08-25,3,18.96,0.1896,113.52,105.47,-17.25,-8.05,-402.67,-7.09
2022-08-29,2022-08-29 11:21:00,2022-08-29 11:22:00,BULLISH,CE,17316.65,17326.0,17300,2022-09-01,3,19.65,0.1965,136.35,141.43,9.349999999998545,5.08,253.86,3.72
2022-09-05,2022-09-05 12:11:00,2022-09-05 12:11:00,BULLISH,CE,17657.2,17659.1,17650,2022-09-08,3,19.69,0.1969,134.17,135.17,1.8999999999978168,1.0,49.95,0.74
2022-09-14,2022-09-14 13:15:00,2022-09-14 13:15:00,BULLISH,CE,18055.3,18052.85,18050,2022-09-15,1,18.35,0.1835,73.51,72.24,-2.450000000000728,-1.27,-63.54,-1.73
2022-09-15,2022-09-15 12:10:00,2022-09-15 12:10:00,BEARISH,PE,17882.8,17883.5,17900,2022-09-22,7,18.39,0.1839,179.12,178.78,-0.7000000000007276,-0.34,-17.16,-0.19
2022-09-16,2022-09-16 13:12:00,2022-09-16 13:12:00,BEARISH,PE,17610.6,17608.7,17600,2022-09-22,6,19.86,0.1986,164.43,165.32,1.8999999999978168,0.89,44.61,0.54
2022-09-19,2022-09-19 12:06:00,2022-09-19 12:06:00,BULLISH,CE,17641.15,17646.25,17650,2022-09-22,3,19.97,0.1997,127.7,130.29,5.099999999998545,2.59,129.42,2.03
2022-10-10,2022-10-10 12:09:00,2022-10-10 12:09:00,BULLISH,CE,17207.15,17207.75,17200,2022-10-13,3,19.64,0.1964,130.51,130.83,0.5999999999985448,0.32,15.76,0.24
2022-11-01,2022-11-01 13:04:00,2022-11-01 13:04:00,BEARISH,PE,18088.35,18081.8,18100,2022-11-03,2,16.13,0.1613,88.8,92.16,6.549999999999272,3.36,168.1,3.79
2022-11-02,2022-11-02 11:15:00,2022-11-02 11:15:00,BULLISH,CE,18117.85,18120.35,18100,2022-11-03,1,16.74,0.1674,74.39,75.78,2.5,1.39,69.71,1.87
2022-11-16,2022-11-16 12:16:00,2022-11-16 12:16:00,BULLISH,CE,18411.5,18409.9,18400,2022-11-17,1,15.11,0.1511,65.76,64.89,-1.5999999999985448,-0.86,-43.19,-1.31
2022-12-02,2022-12-02 11:27:00,2022-12-02 11:27:00,BEARISH,PE,18684.75,18682.75,18700,2022-12-08,6,13.54,0.1354,127.04,128.02,2.0,0.98,49.2,0.77
2022-12-05,2022-12-05 12:01:00,2022-12-05 12:01:00,BULLISH,CE,18652.2,18648.45,18650,2022-12-08,3,13.78,0.1378,99.14,97.19,-3.75,-1.95,-97.52,-1.97
2022-12-06,2022-12-06 13:02:00,2022-12-06 13:02:00,BULLISH,CE,18610.85,18610.95,18600,2022-12-08,2,14.02,0.1402,86.07,86.12,0.1000000000021827,0.05,2.69,0.06
2022-12-16,2022-12-16 12:18:00,2022-12-16 12:18:00,BULLISH,CE,18338.65,18335.6,18350,2022-12-22,6,13.89,0.1389,134.42,132.86,-3.0500000000029104,-1.56,-78.04,-1.16
2022-12-21,2022-12-21 11:01:00,2022-12-21 11:01:00,BEARISH,PE,18349.5,18348.7,18350,2022-12-22,1,15.53,0.1553,58.13,58.52,0.7999999999992724,0.39,19.68,0.68
2022-12-23,2022-12-23 11:28:00,2022-12-23 11:28:00,BEARISH,PE,17918.9,17921.75,17900,2022-12-29,6,16.03,0.1603,128.54,127.25,-2.849999999998545,-1.29,-64.59,-1.0
2023-01-04,2023-01-04 12:03:00,2023-01-04 12:03:00,BEARISH,PE,18061.65,18062.1,18050,2023-01-05,1,15.14,0.1514,49.95,49.75,-0.4499999999970896,-0.21,-10.27,-0.41
2023-01-16,2023-01-16 11:06:00,2023-01-16 11:06:00,BEARISH,PE,17961.05,17957.9,17950,2023-01-19,3,15.02,0.1502,87.54,89.01,3.149999999997817,1.47,73.43,1.68
2023-02-06,2023-02-06 12:17:00,2023-02-06 12:17:00,BEARISH,PE,17722.2,17732.55,17700,2023-02-09,3,14.84,0.1484,80.05,75.53,-10.349999999998545,-4.51,-225.6,-5.64
2023-02-20,2023-02-20 12:16:00,2023-02-20 12:16:00,BEARISH,PE,17915.75,17915.15,17900,2023-02-23,3,13.38,0.1338,74.57,74.84,0.5999999999985448,0.27,13.55,0.36
2023-02-21,2023-02-21 12:24:00,2023-02-21 12:24:00,BEARISH,PE,17834.9,17836.65,17850,2023-02-23,2,13.96,0.1396,78.0,77.1,-1.75,-0.9,-45.06,-1.16
2023-03-02,2023-03-02 11:02:00,2023-03-02 11:02:00,BULLISH,CE,17378.85,17371.7,17400,2023-03-09,7,13.07,0.1307,125.75,122.18,-7.149999999997817,-3.57,-178.66,-2.84
2023-03-06,2023-03-06 11:06:00,2023-03-06 11:06:00,BEARISH,PE,17776.2,17775.5,17800,2023-03-09,3,12.32,0.1232,86.59,86.96,0.7000000000007276,0.37,18.45,0.43
2023-03-08,2023-03-08 12:15:00,2023-03-08 12:15:00,BEARISH,PE,17650.7,17660.9,17650,2023-03-09,1,12.52,0.1252,44.24,39.47,-10.200000000000728,-4.77,-238.63,-10.79
2023-03-09,2023-03-09 12:27:00,2023-03-09 12:27:00,BEARISH,PE,17666.15,17664.8,17650,2023-03-16,7,12.84,0.1284,107.04,107.64,1.3500000000021828,0.61,30.3,0.57
2023-03-10,2023-03-10 12:02:00,2023-03-10 12:02:00,BEARISH,PE,17400.8,17399.85,17400,2023-03-16,6,13.51,0.1351,110.73,111.18,0.9500000000007276,0.45,22.4,0.4
2023-03-13,2023-03-13 11:07:00,2023-03-13 11:07:00,BEARISH,PE,17385.95,17387.6,17400,2023-03-16,3,16.14,0.1614,103.9,103.07,-1.6499999999978172,-0.83,-41.52,-0.8
2023-03-24,2023-03-24 12:12:00,2023-03-24 12:12:00,BULLISH,CE,17085.2,17083.95,17100,2023-03-30,6,15.34,0.1534,135.78,135.14,-1.25,-0.63,-31.71,-0.47
2023-04-10,2023-04-10 12:22:00,2023-04-10 12:22:00,BULLISH,CE,17680.3,17681.7,17700,2023-04-13,3,12.3,0.123,73.66,74.34,1.4000000000014552,0.68,33.8,0.92
2023-04-17,2023-04-17 13:26:00,2023-04-17 13:26:00,BEARISH,PE,17660.9,17664.65,17650,2023-04-20,3,12.29,0.1229,68.71,67.01,-3.75,-1.7,-84.91,-2.47
2023-05-05,2023-05-05 11:08:00,2023-05-05 11:08:00,BEARISH,PE,18167.9,18164.15,18150,2023-05-11,6,12.38,0.1238,97.24,98.92,3.75,1.68,83.99,1.73
2023-05-08,2023-05-08 12:13:00,2023-05-08 12:13:00,BULLISH,CE,18276.05,18270.9,18300,2023-05-11,3,12.55,0.1255,76.09,73.67,-5.149999999997817,-2.42,-121.07,-3.18
2023-05-09,2023-05-09 11:28:00,2023-05-09 11:28:00,BULLISH,CE,18325.5,18325.45,18350,2023-05-11,2,12.73,0.1273,60.31,60.29,-0.0499999999992724,-0.02,-1.15,-0.04
2023-05-11,2023-05-11 12:22:00,2023-05-11 12:22:00,BEARISH,PE,18315.1,18315.9,18300,2023-05-18,7,13.17,0.1317,115.03,114.67,-0.8000000000029104,-0.36,-18.03,-0.31
2023-05-15,2023-05-15 11:11:00,2023-05-15 11:11:00,BULLISH,CE,18400.8,18396.9,18400,2023-05-18,3,13.13,0.1313,92.77,90.75,-3.899999999997817,-2.02,-101.04,-2.18
2023-05-16,2023-05-16 11:11:00,2023-05-16 11:11:00,BEARISH,PE,18375.2,18374.7,18400,2023-05-18,2,13.22,0.1322,81.26,81.53,0.5,0.27,13.48,0.33
2023-05-22,2023-05-22 13:22:00,2023-05-22 13:22:00,BEARISH,PE,18287.2,18292.7,18300,2023-05-25,3,12.65,0.1265,85.2,82.46,-5.5,-2.74,-137.02,-3.22
2023-05-24,2023-05-24 12:15:00,2023-05-24 12:15:00,BEARISH,PE,18341.75,18341.2,18350,2023-05-25,1,13.03,0.1303,52.44,52.73,0.5499999999992724,0.28,14.17,0.54
2023-05-31,2023-05-31 13:19:00,2023-05-31 13:19:00,BEARISH,PE,18491.0,18493.45,18500,2023-06-01,1,12.05,0.1205,49.44,48.18,-2.450000000000728,-1.26,-62.97,-2.55
2023-08-17,2023-08-17 12:17:00,2023-08-17 12:17:00,BEARISH,PE,19348.7,19351.25,19350,2023-08-24,7,12.26,0.1226,119.89,118.7,-2.5499999999992724,-1.19,-59.59,-0.99
2023-08-25,2023-08-25 12:15:00,2023-08-25 12:15:00,BEARISH,PE,19284.5,19279.6,19300,2023-08-31,6,12.23,0.1223,118.08,120.5,4.900000000001455,2.42,120.87,2.05
2023-08-31,2023-08-31 11:04:00,2023-08-31 11:04:00,BEARISH,PE,19309.0,19311.65,19300,2023-09-07,7,12.06,0.1206,112.69,111.49,-2.650000000001455,-1.2,-60.18,-1.07
2023-09-28,2023-09-28 11:07:00,2023-09-28 11:07:00,BULLISH,CE,19694.85,19696.35,19700,2023-10-05,7,12.74,0.1274,148.46,149.25,1.5,0.79,39.5,0.53
2023-11-01,2023-11-01 12:16:00,2023-11-01 12:16:00,BULLISH,CE,19061.75,19057.65,19050,2023-11-02,1,12.03,0.1203,55.82,53.58,-4.099999999998545,-2.23,-111.66,-4.0
2023-11-20,2023-11-20 11:14:00,2023-11-20 11:15:00,BEARISH,PE,19696.6,19682.1,19700,2023-11-23,3,12.0,0.12,81.96,89.18,14.5,7.22,361.1,8.81
2023-12-04,2023-12-04 13:22:00,2023-12-04 13:22:00,BULLISH,CE,20610.5,20608.85,20600,2023-12-07,3,12.6,0.126,105.02,104.13,-1.6500000000014552,-0.89,-44.33,-0.84
2023-12-11,2023-12-11 13:05:00,2023-12-11 13:05:00,BEARISH,PE,20967.4,20970.35,20950,2023-12-14,3,12.75,0.1275,83.0,81.68,-2.9499999999970896,-1.32,-66.13,-1.59
2023-12-14,2023-12-14 13:20:00,2023-12-14 13:21:00,BULLISH,CE,21196.35,21199.4,21200,2023-12-21,7,12.34,0.1234,156.09,157.71,3.0500000000029104,1.62,80.85,1.04
2023-12-18,2023-12-18 12:16:00,2023-12-18 12:16:00,BULLISH,CE,21464.5,21464.0,21450,2023-12-21,3,13.93,0.1393,121.55,121.28,-0.5,-0.27,-13.51,-0.22
2024-01-12,2024-01-12 11:01:00,2024-01-12 11:01:00,BULLISH,CE,21847.2,21837.95,21850,2024-01-18,6,13.09,0.1309,156.7,151.89,-9.25,-4.82,-240.8,-3.07
2024-01-23,2024-01-23 11:04:00,2024-01-23 11:04:00,BEARISH,PE,21537.35,21555.1,21550,2024-01-25,2,14.89,0.1489,97.22,88.5,-17.75,-8.72,-435.99,-8.97
2024-01-30,2024-01-30 11:07:00,2024-01-30 11:08:00,BEARISH,PE,21675.25,21667.45,21700,2024-02-01,2,16.26,0.1626,112.85,116.98,7.799999999999272,4.13,206.53,3.66
2024-02-02,2024-02-02 12:28:00,2024-02-02 13:00:00,BEARISH,PE,22009.45,21887.3,22000,2024-02-08,6,14.76,0.1476,150.08,213.99,122.15000000000146,63.9,3195.19,42.58
2024-02-06,2024-02-06 11:13:00,2024-02-06 11:13:00,BEARISH,PE,21848.3,21852.65,21850,2024-02-08,2,15.77,0.1577,98.72,96.61,-4.350000000002183,-2.11,-105.44,-2.14
2024-02-12,2024-02-12 12:04:00,2024-02-12 12:04:00,BEARISH,PE,21659.45,21649.55,21650,2024-02-15,3,16.36,0.1636,117.86,122.59,9.900000000001455,4.72,236.16,4.01
2024-02-16,2024-02-16 12:22:00,2024-02-16 12:22:00,BEARISH,PE,22027.4,22029.55,22050,2024-02-22,6,15.24,0.1524,171.23,170.16,-2.149999999997817,-1.06,-53.13,-0.62
2024-02-19,2024-02-19 11:16:00,2024-02-19 11:17:00,BULLISH,CE,22132.15,22137.7,22150,2024-02-22,3,16.02,0.1602,125.27,128.03,5.549999999999272,2.77,138.44,2.21
2024-02-20,2024-02-20 11:19:00,2024-02-20 11:19:00,BULLISH,CE,22107.0,22111.75,22100,2024-02-22,2,16.09,0.1609,112.61,115.12,4.75,2.51,125.52,2.23
2024-02-28,2024-02-28 11:01:00,2024-02-28 11:01:00,BEARISH,PE,22031.4,22055.55,22050,2024-02-29,1,16.62,0.1662,84.05,71.88,-24.149999999997817,-12.16,-608.18,-14.47
2024-03-18,2024-03-18 11:14:00,2024-03-18 11:14:00,BEARISH,PE,21969.45,21949.7,21950,2024-03-21,3,13.84,0.1384,95.01,104.23,19.75,9.22,460.86,9.7
2024-04-18,2024-04-18 13:09:00,2024-04-18 13:09:00,BEARISH,PE,22286.75,22285.65,22300,2024-04-25,7,12.88,0.1288,151.38,151.91,1.0999999999985448,0.53,26.53,0.35
2024-04-19,2024-04-19 12:19:00,2024-04-19 12:19:00,BULLISH,CE,21951.1,21943.8,21950,2024-04-25,6,13.37,0.1337,162.62,158.78,-7.299999999999272,-3.84,-191.83,-2.36
2024-04-30,2024-04-30 13:25:00,2024-04-30 13:25:00,BULLISH,CE,22731.5,22730.1,22750,2024-05-02,2,12.96,0.1296,81.92,81.24,-1.4000000000014552,-0.67,-33.71,-0.82
2024-05-02,2024-05-02 11:29:00,2024-05-02 12:00:00,BULLISH,CE,22666.3,22685.55,22650,2024-05-09,7,13.37,0.1337,190.46,201.14,19.25,10.68,534.21,5.61
2024-05-03,2024-05-03 11:21:00,2024-05-03 11:23:00,BEARISH,PE,22566.75,22543.1,22550,2024-05-09,6,14.84,0.1484,151.5,162.59,23.65000000000145,11.1,554.9,7.33
2024-05-06,2024-05-06 13:22:00,2024-05-06 13:22:00,BEARISH,PE,22429.2,22447.0,22450,2024-05-09,3,16.55,0.1655,138.73,129.89,-17.799999999999272,-8.84,-442.24,-6.38
2024-05-07,2024-05-07 11:08:00,2024-05-07 11:08:00,BEARISH,PE,22312.25,22314.2,22300,2024-05-09,2,17.05,0.1705,102.48,101.57,-1.950000000000728,-0.91,-45.58,-0.89
2024-05-10,2024-05-10 12:19:00,2024-05-10 12:19:00,BEARISH,PE,22017.25,22023.7,22000,2024-05-16,6,18.6,0.186,189.53,186.55,-6.450000000000728,-2.98,-148.95,-1.57
2024-06-07,2024-06-07 11:07:00,2024-06-07 11:07:00,BULLISH,CE,23076.55,23079.85,23100,2024-06-13,6,16.85,0.1685,199.49,201.16,3.2999999999992724,1.67,83.59,0.84
2024-06-18,2024-06-18 11:11:00,2024-06-18 11:11:00,BULLISH,CE,23548.15,23544.1,23550,2024-06-20,2,13.04,0.1304,93.97,91.91,-4.05000000000291,-2.06,-103.24,-2.2
2024-06-24,2024-06-24 12:29:00,2024-06-24 12:29:00,BULLISH,CE,23552.4,23545.1,23550,2024-06-27,3,13.97,0.1397,126.6,122.82,-7.30000000000291,-3.78,-188.95,-2.98
2024-07-18,2024-07-18 11:14:00,2024-07-18 11:14:00,BEARISH,PE,24539.75,24537.35,24550,2024-07-25,7,14.42,0.1442,185.42,186.57,2.400000000001455,1.15,57.65,0.62
2024-07-19,2024-07-19 12:21:00,2024-07-19 12:21:00,BEARISH,PE,24654.7,24636.0,24650,2024-07-25,6,14.81,0.1481,171.54,180.48,18.700000000000728,8.93,446.69,5.21
2024-07-29,2024-07-29 12:20:00,2024-07-29 12:20:00,BEARISH,PE,24808.6,24830.1,24800,2024-08-01,3,12.83,0.1283,104.48,94.74,-21.5,-9.73,-486.68,-9.32
2024-08-12,2024-08-12 11:17:00,2024-08-12 11:17:00,BULLISH,CE,24452.4,24457.2,24450,2024-08-15,3,15.9,0.159,148.44,150.95,4.799999999999272,2.51,125.54,1.69
2024-09-06,2024-09-06 11:09:00,2024-09-06 11:09:00,BEARISH,PE,24889.1,24876.65,24900,2024-09-12,6,15.14,0.1514,184.93,191.01,12.44999999999709,6.08,303.97,3.29
2024-09-20,2024-09-20 11:13:00,2024-09-20 11:14:00,BULLISH,CE,25703.5,25702.25,25700,2024-09-26,6,12.78,0.1278,183.84,183.18,-1.25,-0.66,-33.25,-0.36
2024-09-23,2024-09-23 13:22:00,2024-09-23 13:22:00,BULLISH,CE,25885.05,25887.45,25900,2024-09-26,3,13.8,0.138,128.64,129.85,2.400000000001455,1.21,60.31,0.94
2024-09-30,2024-09-30 11:25:00,2024-09-30 11:25:00,BEARISH,PE,25915.5,25911.65,25900,2024-10-03,3,12.81,0.1281,105.9,107.68,3.849999999998545,1.78,88.82,1.68
2024-10-03,2024-10-03 11:20:00,2024-10-03 11:20:00,BEARISH,PE,25456.55,25458.55,25450,2024-10-10,7,13.12,0.1312,165.88,164.96,-2.0,-0.93,-46.25,-0.56
2024-10-07,2024-10-07 11:06:00,2024-10-07 11:06:00,BEARISH,PE,24804.8,24828.85,24800,2024-10-10,3,14.99,0.1499,125.6,114.5,-24.049999999999272,-11.11,-555.27,-8.84
2024-10-21,2024-10-21 13:21:00,2024-10-21 13:21:00,BULLISH,CE,24815.75,24810.05,24800,2024-10-28,7,13.88,0.1388,214.35,211.27,-5.700000000000728,-3.08,-154.02,-1.44
2024-10-22,2024-10-22 12:29:00,2024-10-22 12:29:00,BEARISH,PE,24641.3,24641.15,24650,2024-10-28,6,14.34,0.1434,172.0,172.07,0.1499999999978172,0.07,3.61,0.04
2024-10-25,2024-10-25 12:25:00,2024-10-25 12:25:00,BEARISH,PE,24101.8,24100.2,24100,2024-10-28,3,14.53,0.1453,119.42,120.19,1.5999999999985448,0.77,38.4,0.64
2024-10-29,2024-10-29 12:03:00,2024-10-29 12:03:00,BULLISH,CE,24265.6,24282.55,24250,2024-11-04,6,14.52,0.1452,201.57,210.85,16.950000000000728,9.28,464.22,4.61
2024-11-07,2024-11-07 11:20:00,2024-11-07 11:20:00,BEARISH,PE,24194.65,24194.15,24200,2024-11-11,4,15.02,0.1502,145.86,146.11,0.5,0.24,12.12,0.17
2024-11-12,2024-11-12 13:18:00,2024-11-12 13:18:00,BEARISH,PE,23946.85,23950.6,23950,2024-11-18,6,14.74,0.1474,169.47,167.69,-3.75,-1.78,-89.03,-1.05
2024-11-18,2024-11-18 12:28:00,2024-11-18 12:28:00,BULLISH,CE,23521.45,23529.85,23500,2024-11-25,7,15.3,0.153,225.0,229.6,8.399999999997817,4.6,230.21,2.05
2024-11-19,2024-11-19 11:01:00,2024-11-19 11:01:00,BULLISH,CE,23727.8,23725.65,23750,2024-11-25,6,16.18,0.1618,197.94,196.85,-2.149999999997817,-1.09,-54.38,-0.55
2024-12-16,2024-12-16 11:15:00,2024-12-16 11:15:00,BEARISH,PE,24628.05,24625.05,24650,2024-12-23,7,14.04,0.1404,186.65,188.12,3.0,1.47,73.51,0.79
2024-12-17,2024-12-17 12:16:00,2024-12-17 12:16:00,BEARISH,PE,24376.75,24389.65,24400,2024-12-23,6,14.53,0.1453,179.75,173.46,-12.900000000001455,-6.3,-314.86,-3.5
2024-12-26,2024-12-26 11:21:00,2024-12-26 11:21:00,BEARISH,PE,23741.0,23745.4,23750,2024-12-30,4,14.03,0.1403,135.16,133.03,-4.400000000001455,-2.14,-106.81,-1.58
2024-12-30,2024-12-30 12:30:00,2024-12-30 13:00:00,BEARISH,PE,23793.5,23778.75,23800,2025-01-06,7,13.97,0.1397,172.21,179.32,14.75,7.12,355.82,4.13
2025-01-01,2025-01-01 11:28:00,2025-01-01 11:28:00,BULLISH,CE,23762.15,23737.8,23750,2025-01-06,5,14.44,0.1444,177.29,164.53,-24.350000000002183,-12.77,-638.39,-7.2
2025-01-06,2025-01-06 11:13:00,2025-01-06 11:13:00,BEARISH,PE,23731.35,23735.6,23750,2025-01-13,7,15.55,0.1555,198.4,196.34,-4.25,-2.06,-103.17,-1.04
2025-01-10,2025-01-10 11:16:00,2025-01-10 11:16:00,BULLISH,CE,23584.95,23580.6,23600,2025-01-13,3,14.86,0.1486,125.55,123.38,-4.350000000002183,-2.16,-108.07,-1.72
2025-01-13,2025-01-13 11:17:00,2025-01-13 11:17:00,BULLISH,CE,23286.45,23288.65,23300,2025-01-20,7,16.0,0.16,213.6,214.74,2.200000000000728,1.14,56.9,0.53
2025-01-21,2025-01-21 12:16:00,2025-01-21 12:17:00,BEARISH,PE,23225.6,23167.4,23250,2025-01-27,6,16.99,0.1699,201.62,231.78,58.19999999999709,30.16,1508.15,14.96
2025-01-27,2025-01-27 12:14:00,2025-01-27 12:14:00,BEARISH,PE,22869.05,22881.55,22850,2025-02-03,7,18.13,0.1813,205.85,200.13,-12.5,-5.72,-286.05,-2.78
2025-01-28,2025-01-28 11:02:00,2025-01-28 11:02:00,BULLISH,CE,22963.2,22974.9,22950,2025-02-03,6,18.2,0.182,232.97,239.26,11.700000000000728,6.28,314.18,2.7
2025-01-29,2025-01-29 11:24:00,2025-01-29 11:24:00,BEARISH,PE,23019.75,22995.65,23000,2025-02-03,5,18.55,0.1855,179.74,191.15,24.099999999998545,11.4,570.18,6.34
2025-02-03,2025-02-03 13:04:00,2025-02-03 13:04:00,BULLISH,CE,23332.25,23328.85,23350,2025-02-10,7,14.4,0.144,191.3,189.56,-3.400000000001455,-1.74,-87.08,-0.91
2025-02-11,2025-02-11 13:01:00,2025-02-11 13:03:00,BEARISH,PE,23156.25,23142.0,23150,2025-02-17,6,14.96,0.1496,162.01,168.78,14.25,6.77,338.26,4.18
2025-02-17,2025-02-17 13:02:00,2025-02-17 13:02:00,BULLISH,CE,22887.3,22881.75,22900,2025-02-24,7,15.68,0.1568,206.21,203.35,-5.549999999999272,-2.86,-142.86,-1.39
2025-03-17,2025-03-17 12:26:00,2025-03-17 12:26:00,BEARISH,PE,22467.55,22459.35,22450,2025-03-24,7,13.42,0.1342,144.64,148.38,8.200000000000728,3.75,187.27,2.59
2025-03-21,2025-03-21 12:22:00,2025-03-21 12:22:00,BULLISH,CE,23384.35,23386.25,23400,2025-03-24,3,12.57,0.1257,104.75,105.7,1.9000000000014552,0.95,47.4,0.91
2025-04-01,2025-04-01 13:09:00,2025-04-01 13:09:00,BEARISH,PE,23180.85,23184.35,23200,2025-04-07,6,13.86,0.1386,161.52,159.8,-3.5,-1.71,-85.63,-1.06
2025-04-30,2025-04-30 12:26:00,2025-04-30 12:26:00,BULLISH,CE,24358.15,24358.65,24350,2025-05-05,5,18.49,0.1849,225.41,225.67,0.5,0.26,13.18,0.12
2025-05-20,2025-05-20 12:11:00,2025-05-20 12:11:00,BEARISH,PE,24871.3,24871.15,24850,2025-05-26,6,17.42,0.1742,198.29,198.36,0.1499999999978172,0.07,3.46,0.03
2025-05-21,2025-05-21 12:02:00,2025-05-21 12:02:00,BEARISH,PE,24803.2,24801.1,24800,2025-05-26,5,17.51,0.1751,190.3,191.3,2.100000000002183,1.0,50.07,0.53
2025-05-27,2025-05-27 11:05:00,2025-05-27 11:06:00,BULLISH,CE,24876.35,24836.55,24900,2025-06-02,6,18.46,0.1846,236.34,216.71,-39.79999999999927,-19.63,-981.52,-8.31
2025-06-12,2025-06-12 12:30:00,2025-06-12 13:00:00,BEARISH,PE,25035.35,25037.8,25050,2025-06-16,4,14.15,0.1415,146.35,145.14,-2.450000000000728,-1.21,-60.31,-0.82
2025-06-13,2025-06-13 12:18:00,2025-06-13 12:18:00,BULLISH,CE,24720.65,24718.8,24700,2025-06-16,3,15.05,0.1505,152.07,151.06,-1.8500000000021828,-1.0,-50.1,-0.66
2025-06-23,2025-06-23 13:22:00,2025-06-23 13:22:00,BULLISH,CE,25021.9,25019.85,25000,2025-06-30,7,13.97,0.1397,220.6,219.47,-2.0500000000029104,-1.12,-56.03,-0.51
2025-06-30,2025-06-30 13:01:00,2025-06-30 13:01:00,BEARISH,PE,25507.55,25508.1,25500,2025-07-07,7,12.74,0.1274,160.42,160.17,-0.5499999999992724,-0.25,-12.69,-0.16
2025-08-01,2025-08-01 11:02:00,2025-08-01 11:02:00,BULLISH,CE,24760.05,24767.0,24750,2025-08-04,3,12.03,0.1203,119.71,123.48,6.950000000000728,3.76,188.21,3.14
2025-08-06,2025-08-06 12:22:00,2025-08-06 12:22:00,BULLISH,CE,24624.85,24617.0,24600,2025-08-11,5,12.01,0.1201,162.59,158.26,-7.849999999998545,-4.33,-216.68,-2.67
2025-08-11,2025-08-11 13:02:00,2025-08-11 13:02:00,BULLISH,CE,24491.8,24492.1,24500,2025-08-18,7,12.22,0.1222,176.67,176.83,0.2999999999992724,0.16,7.87,0.09
2025-10-30,2025-10-30 11:07:00,2025-10-30 11:07:00,BULLISH,CE,25941.5,25942.1,25950,2025-11-03,4,12.03,0.1203,135.36,135.67,0.5999999999985448,0.31,15.45,0.23
2025-10-31,2025-10-31 12:14:00,2025-10-31 12:14:00,BEARISH,PE,25801.55,25798.15,25800,2025-11-03,3,12.19,0.1219,106.22,107.85,3.399999999997817,1.63,81.38,1.53
2025-11-03,2025-11-03 12:22:00,2025-11-03 12:22:00,BULLISH,CE,25724.9,25727.15,25700,2025-11-10,7,12.6,0.126,208.77,210.02,2.25,1.25,62.43,0.6
2025-11-07,2025-11-07 11:13:00,2025-11-07 11:13:00,BULLISH,CE,25401.2,25410.8,25400,2025-11-10,3,12.44,0.1244,121.79,126.87,9.599999999998545,5.08,254.15,4.17
2025-11-11,2025-11-11 13:06:00,2025-11-11 13:06:00,BULLISH,CE,25579.6,25579.15,25600,2025-11-17,6,12.49,0.1249,166.89,166.66,-0.4499999999970896,-0.23,-11.47,-0.14
2025-11-20,2025-11-20 12:01:00,2025-11-20 12:01:00,BULLISH,CE,26150.35,26150.7,26150,2025-11-24,4,12.14,0.1214,142.24,142.42,0.3500000000021828,0.18,9.2,0.13
2025-11-21,2025-11-21 12:19:00,2025-11-21 12:19:00,BULLISH,CE,26136.25,26138.2,26150,2025-11-24,3,13.43,0.1343,127.06,128.04,1.950000000000728,0.98,49.13,0.77
2026-01-21,2026-01-21 13:09:00,2026-01-21 13:09:00,BULLISH,CE,25286.1,25260.0,25300,2026-01-26,5,13.66,0.1366,165.6,152.58,-26.099999999998545,-13.02,-650.95,-7.86
2026-01-23,2026-01-23 13:16:00,2026-01-23 13:16:00,BEARISH,PE,25170.7,25163.75,25150,2026-01-26,3,14.36,0.1436,114.28,117.48,6.950000000000728,3.2,159.89,2.8
