date,entry_time,exit_time,instrument,direction,entry_price,exit_price,pnl,pnl_pct,time_bucket,vix_level,vix_direction
2021-06-10,2021-06-10 11:01:00,2021-06-10 11:01:00,NIFTY_FUT,BULLISH,15718.35,15716.1,-112.5,-0.0001431447957323765,11:00,MEDIUM,RISING
2021-06-14,2021-06-14 13:23:00,2021-06-14 13:23:00,NIFTY_FUT,BULLISH,15765.95,15781.45,775.0,0.0009831313685505789,13:00,MEDIUM,RISING
2021-06-16,2021-06-16 13:09:00,2021-06-16 13:09:00,NIFTY_FUT,BEARISH,15774.9,15777.8,-144.9999999999818,-0.00018383634761549273,13:00,MEDIUM,RISING
2021-07-12,2021-07-12 11:01:00,2021-07-12 11:01:00,NIFTY_FUT,BULLISH,15784.2,15781.7,-125.0,-0.00015838623433560143,11:00,MEDIUM,RISING
2021-07-20,2021-07-20 12:06:00,2021-07-20 12:06:00,NIFTY_FUT,BEARISH,15585.45,15581.3,207.50000000007276,0.00026627399273049257,12:00,MEDIUM,RISING
2021-07-26,2021-07-26 13:14:00,2021-07-26 13:14:00,NIFTY_FUT,BEARISH,15851.1,15851.25,-7.49999999998181,-9.463065654726561e-06,13:00,MEDIUM,RISING
2021-07-28,2021-07-28 13:20:00,2021-07-28 13:20:00,NIFTY_FUT,BULLISH,15674.15,15674.85,35.00000000003638,4.465951901702661e-05,13:00,MEDIUM,RISING
2021-08-09,2021-08-09 13:11:00,2021-08-09 13:11:00,NIFTY_FUT,BEARISH,16225.4,16226.55,-57.49999999998181,-7.087652692689463e-05,13:00,MEDIUM,RISING
2021-08-16,2021-08-16 11:05:00,2021-08-16 11:05:00,NIFTY_FUT,BULLISH,16547.1,16557.85,537.5,0.000649660665615123,11:00,MEDIUM,RISING
2021-08-25,2021-08-25 11:24:00,2021-08-25 11:25:00,NIFTY_FUT,BULLISH,16691.6,16696.95,267.50000000010914,0.0003205205013301411,11:00,MEDIUM,RISING
2021-09-06,2021-09-06 13:21:00,2021-09-06 13:21:00,NIFTY_FUT,BEARISH,17372.3,17371.0,64.99999999996362,7.483177241926932e-05,13:00,MEDIUM,RISING
2021-09-16,2021-09-16 12:09:00,2021-09-16 12:09:00,NIFTY_FUT,BULLISH,17575.35,17576.15,40.00000000014552,4.5518296933085853e-05,12:00,MEDIUM,RISING
2021-09-20,2021-09-20 11:08:00,2021-09-20 11:08:00,NIFTY_FUT,BULLISH,17604.85,17602.6,-112.5,-0.00012780568990931478,11:00,MEDIUM,RISING
2021-09-24,2021-09-24 13:21:00,2021-09-24 13:21:00,NIFTY_FUT,BULLISH,17860.25,17853.6,-332.50000000007276,-0.0003723352136729024,13:00,MEDIUM,RISING
2021-09-28,2021-09-28 12:20:00,2021-09-28 12:20:00,NIFTY_FUT,BEARISH,17707.45,17709.15,-85.00000000003638,-9.600478894480728e-05,12:00,MEDIUM,RISING
2021-10-18,2021-10-18 11:13:00,2021-10-18 11:13:00,NIFTY_FUT,BEARISH,18495.1,18498.3,-160.0000000000364,-0.0001730187995739806,11:00,MEDIUM,RISING
2021-10-19,2021-10-19 11:25:00,2021-10-19 11:25:00,NIFTY_FUT,BULLISH,18565.5,18573.15,382.50000000007276,0.00041205461743564436,11:00,MEDIUM,RISING
2021-10-28,2021-10-28 12:28:00,2021-10-28 12:28:00,NIFTY_FUT,BEARISH,17991.1,17991.6,-25.0,-2.7791519140019234e-05,12:00,MEDIUM,RISING
2021-11-15,2021-11-15 11:28:00,2021-11-15 11:28:00,NIFTY_FUT,BEARISH,18119.1,18114.9,209.99999999985448,0.0002317995926948408,11:00,MEDIUM,RISING
2021-11-22,2021-11-22 12:10:00,2021-11-22 12:10:00,NIFTY_FUT,BEARISH,17432.95,17464.4,-1572.5000000000364,-0.0018040549648797666,12:00,MEDIUM,RISING
2021-11-23,2021-11-23 11:29:00,2021-11-23 12:00:00,NIFTY_FUT,BULLISH,17414.4,17454.85,2022.4999999998545,0.0023227903344357017,11:00,MEDIUM,RISING
2021-12-03,2021-12-03 13:14:00,2021-12-03 13:14:00,NIFTY_FUT,BEARISH,17284.55,17289.55,-250.0,-0.00028927568261829205,13:00,MEDIUM,RISING
2021-12-13,2021-12-13 11:13:00,2021-12-13 11:13:00,NIFTY_FUT,BEARISH,17570.9,17574.6,-184.99999999985448,-0.00021057544007404796,11:00,MEDIUM,RISING
2021-12-15,2021-12-15 12:02:00,2021-12-15 12:02:00,NIFTY_FUT,BEARISH,17239.85,17241.85,-100.0,-0.00011601029011273301,12:00,MEDIUM,RISING
2021-12-17,2021-12-17 11:24:00,2021-12-17 11:24:00,NIFTY_FUT,BEARISH,17034.5,17044.25,-487.5,-0.0005723678417329537,11:00,MEDIUM,RISING
2021-12-24,2021-12-24 13:04:00,2021-12-24 13:04:00,NIFTY_FUT,BULLISH,16965.65,16965.95,14.99999999996362,1.768278845781166e-05,13:00,MEDIUM,RISING
2022-01-03,2022-01-03 12:01:00,2022-01-03 12:01:00,NIFTY_FUT,BULLISH,17529.2,17526.8,-120.00000000007276,-0.00013691440567746704,12:00,MEDIUM,RISING
2022-01-05,2022-01-05 12:21:00,2022-01-05 12:21:00,NIFTY_FUT,BULLISH,17874.85,17872.7,-107.49999999989086,-0.00012028072962837828,12:00,MEDIUM,RISING
2022-01-06,2022-01-06 12:06:00,2022-01-06 12:06:00,NIFTY_FUT,BEARISH,17667.15,17680.0,-642.4999999999272,-0.0007273385916799564,12:00,MEDIUM,RISING
2022-01-18,2022-01-18 11:28:00,2022-01-18 11:28:00,NIFTY_FUT,BULLISH,18248.85,18250.8,97.50000000003641,0.00010685604846336774,11:00,MEDIUM,RISING
2022-01-21,2022-01-21 13:11:00,2022-01-21 13:11:00,NIFTY_FUT,BULLISH,17693.0,17697.25,212.5,0.00024020799186118803,13:00,MEDIUM,RISING
2022-02-03,2022-02-03 11:16:00,2022-02-03 11:16:00,NIFTY_FUT,BEARISH,17699.9,17695.35,227.50000000014552,0.0002570635992295386,11:00,MEDIUM,RISING
2022-02-11,2022-02-11 13:14:00,2022-02-11 13:14:00,NIFTY_FUT,BULLISH,17404.15,17407.85,184.99999999985448,0.0002125929735147703,13:00,MEDIUM,RISING
2022-04-06,2022-04-06 13:25:00,2022-04-06 13:25:00,NIFTY_FUT,BEARISH,17815.35,17810.6,237.5,0.0002666240068255746,13:00,MEDIUM,RISING
2022-04-11,2022-04-11 12:01:00,2022-04-11 12:01:00,NIFTY_FUT,BULLISH,17723.2,17726.6,169.99999999989086,0.0001918389455627549,12:00,MEDIUM,RISING
2022-04-18,2022-04-18 12:01:00,2022-04-18 12:01:00,NIFTY_FUT,BEARISH,17146.1,17149.65,-177.50000000014552,-0.00020704416747848847,12:00,MEDIUM,RISING
2022-04-22,2022-04-22 11:21:00,2022-04-22 11:22:00,NIFTY_FUT,BULLISH,17310.2,17306.45,-187.5,-0.000216635278621853,11:00,MEDIUM,RISING
2022-06-10,2022-06-10 11:30:00,2022-06-10 12:00:00,NIFTY_FUT,BEARISH,16247.7,16249.55,-92.49999999992724,-0.00011386226973655009,11:00,MEDIUM,RISING
2022-07-26,2022-07-26 11:04:00,2022-07-26 11:05:00,NIFTY_FUT,BULLISH,16520.85,16518.7,-107.49999999989086,-0.00013013858245779228,11:00,MEDIUM,RISING
2022-08-01,2022-08-01 13:28:00,2022-08-01 13:28:00,NIFTY_FUT,BULLISH,17294.75,17294.2,-27.49999999996362,-3.180155827631347e-05,13:00,MEDIUM,RISING
2022-08-04,2022-08-04 11:15:00,2022-08-04 11:17:00,NIFTY_FUT,BEARISH,17396.2,17360.55,1782.5000000000728,0.0020492981225785777,11:00,MEDIUM,RISING
2022-08-08,2022-08-08 11:06:00,2022-08-08 11:06:00,NIFTY_FUT,BULLISH,17468.5,17468.0,-25.0,-2.862294988121476e-05,11:00,MEDIUM,RISING
2022-08-16,2022-08-16 11:01:00,2022-08-16 11:01:00,NIFTY_FUT,BULLISH,17834.9,17835.5,29.99999999992724,3.364190435598432e-05,11:00,MEDIUM,RISING
2022-08-19,2022-08-19 11:08:00,2022-08-19 11:08:00,NIFTY_FUT,BEARISH,17885.1,17881.15,197.49999999985448,0.00022085423061638405,11:00,MEDIUM,RISING
2022-08-22,2022-08-22 11:04:00,2022-08-22 11:04:00,NIFTY_FUT,BEARISH,17554.5,17571.75,-862.5,-0.0009826540203366659,11:00,MEDIUM,RISING
2022-08-29,2022-08-29 11:21:00,2022-08-29 11:22:00,NIFTY_FUT,BULLISH,17316.65,17326.0,467.49999999992724,0.0005399427718408898,11:00,MEDIUM,RISING
2022-09-05,2022-09-05 12:11:00,2022-09-05 12:11:00,NIFTY_FUT,BULLISH,17657.2,17659.1,94.99999999989083,0.00010760482975770884,12:00,MEDIUM,RISING
2022-09-14,2022-09-14 13:15:00,2022-09-14 13:15:00,NIFTY_FUT,BULLISH,18055.3,18052.85,-122.50000000003641,-0.00013569422828757917,13:00,MEDIUM,RISING
2022-09-15,2022-09-15 12:10:00,2022-09-15 12:10:00,NIFTY_FUT,BEARISH,17882.8,17883.5,-35.00000000003638,-3.914375824818975e-05,12:00,MEDIUM,RISING
2022-09-16,2022-09-16 13:12:00,2022-09-16 13:12:00,NIFTY_FUT,BEARISH,17610.6,17608.7,94.99999999989083,0.00010788956651095459,13:00,MEDIUM,RISING
2022-09-19,2022-09-19 12:06:00,2022-09-19 12:06:00,NIFTY_FUT,BULLISH,17641.15,17646.25,254.99999999992724,0.00028909679924486465,12:00,MEDIUM,RISING
2022-10-10,2022-10-10 12:09:00,2022-10-10 12:09:00,NIFTY_FUT,BULLISH,17207.15,17207.75,29.99999999992724,3.4869225874043334e-05,12:00,MEDIUM,RISING
2022-11-01,2022-11-01 13:04:00,2022-11-01 13:04:00,NIFTY_FUT,BEARISH,18088.35,18081.8,327.4999999999636,0.00036211152482118453,13:00,MEDIUM,RISING
2022-11-02,2022-11-02 11:15:00,2022-11-02 11:15:00,NIFTY_FUT,BULLISH,18117.85,18120.35,125.0,0.00013798546737057654,11:00,MEDIUM,RISING
2022-11-16,2022-11-16 12:16:00,2022-11-16 12:16:00,NIFTY_FUT,BULLISH,18411.5,18409.9,-79.99999999992724,-8.690220785913938e-05,12:00,MEDIUM,RISING
2022-12-02,2022-12-02 11:27:00,2022-12-02 11:27:00,NIFTY_FUT,BEARISH,18684.75,18682.75,100.0,0.0001070391629537457,11:00,MEDIUM,RISING
2022-12-05,2022-12-05 12:01:00,2022-12-05 12:01:00,NIFTY_FUT,BULLISH,18652.2,18648.45,-187.5,-0.00020104866986200018,12:00,MEDIUM,RISING
2022-12-06,2022-12-06 13:02:00,2022-12-06 13:02:00,NIFTY_FUT,BULLISH,18610.85,18610.95,5.000000000109135,5.373209713805802e-06,13:00,MEDIUM,RISING
2022-12-16,2022-12-16 12:18:00,2022-12-16 12:18:00,NIFTY_FUT,BULLISH,18338.65,18335.6,-152.50000000014552,-0.00016631540489637513,12:00,MEDIUM,RISING
2022-12-21,2022-12-21 11:01:00,2022-12-21 11:01:00,NIFTY_FUT,BEARISH,18349.5,18348.7,39.99999999996362,4.359791819936633e-05,11:00,MEDIUM,RISING
2022-12-23,2022-12-23 11:28:00,2022-12-23 11:28:00,NIFTY_FUT,BEARISH,17918.9,17921.75,-142.49999999992724,-0.00015904994168160683,11:00,MEDIUM,RISING
2023-01-04,2023-01-04 12:03:00,2023-01-04 12:03:00,NIFTY_FUT,BEARISH,18061.65,18062.1,-22.49999999985448,-2.491466726445754e-05,12:00,MEDIUM,RISING
2023-01-16,2023-01-16 11:06:00,2023-01-16 11:06:00,NIFTY_FUT,BEARISH,17961.05,17957.9,157.49999999989086,0.0001753795017550654,11:00,MEDIUM,RISING
2023-02-06,2023-02-06 12:17:00,2023-02-06 12:17:00,NIFTY_FUT,BEARISH,17722.2,17732.55,-517.4999999999272,-0.0005840132714899135,12:00,MEDIUM,RISING
2023-02-20,2023-02-20 12:16:00,2023-02-20 12:16:00,NIFTY_FUT,BEARISH,17915.75,17915.15,29.99999999992724,3.349008553917892e-05,12:00,MEDIUM,RISING
2023-02-21,2023-02-21 12:24:00,2023-02-21 12:24:00,NIFTY_FUT,BEARISH,17834.9,17836.65,-87.5,-9.812222103852557e-05,12:00,MEDIUM,RISING
2023-03-02,2023-03-02 11:02:00,2023-03-02 11:02:00,NIFTY_FUT,BULLISH,17378.85,17371.7,-357.49999999989086,-0.0004114196278808907,11:00,MEDIUM,RISING
2023-03-06,2023-03-06 11:06:00,2023-03-06 11:06:00,NIFTY_FUT,BEARISH,17776.2,17775.5,35.00000000003638,3.937849484145811e-05,11:00,MEDIUM,RISING
2023-03-08,2023-03-08 12:15:00,2023-03-08 12:15:00,NIFTY_FUT,BEARISH,17650.7,17660.9,-510.0000000000364,-0.0005778807639357492,12:00,MEDIUM,RISING
2023-03-09,2023-03-09 12:27:00,2023-03-09 12:27:00,NIFTY_FUT,BEARISH,17666.15,17664.8,67.50000000010914,7.641732918616578e-05,12:00,MEDIUM,RISING
2023-03-10,2023-03-10 12:02:00,2023-03-10 12:02:00,NIFTY_FUT,BEARISH,17400.8,17399.85,47.50000000003638,5.459519102574178e-05,12:00,MEDIUM,RISING
2023-03-13,2023-03-13 11:07:00,2023-03-13 11:07:00,NIFTY_FUT,BEARISH,17385.95,17387.6,-82.49999999989086,-9.49042186361871e-05,11:00,MEDIUM,RISING
2023-03-24,2023-03-24 12:12:00,2023-03-24 12:12:00,NIFTY_FUT,BULLISH,17085.2,17083.95,-62.5,-7.316273733991993e-05,12:00,MEDIUM,RISING
2023-04-10,2023-04-10 12:22:00,2023-04-10 12:22:00,NIFTY_FUT,BULLISH,17680.3,17681.7,70.00000000007276,7.918417673916479e-05,12:00,MEDIUM,RISING
2023-04-17,2023-04-17 13:26:00,2023-04-17 13:26:00,NIFTY_FUT,BEARISH,17660.9,17664.65,-187.5,-0.00021233345978970491,13:00,MEDIUM,RISING
2023-05-05,2023-05-05 11:08:00,2023-05-05 11:08:00,NIFTY_FUT,BEARISH,18167.9,18164.15,187.5,0.00020640800532807863,11:00,MEDIUM,RISING
2023-05-08,2023-05-08 12:13:00,2023-05-08 12:13:00,NIFTY_FUT,BULLISH,18276.05,18270.9,-257.49999999989086,-0.0002817895551827565,12:00,MEDIUM,RISING
2023-05-09,2023-05-09 11:28:00,2023-05-09 11:28:00,NIFTY_FUT,BULLISH,18325.5,18325.45,-2.4999999999636198,-2.728438514598368e-06,11:00,MEDIUM,RISING
2023-05-11,2023-05-11 12:22:00,2023-05-11 12:22:00,NIFTY_FUT,BEARISH,18315.1,18315.9,-40.00000000014552,-4.367980518822777e-05,12:00,MEDIUM,RISING
2023-05-15,2023-05-15 11:11:00,2023-05-15 11:11:00,NIFTY_FUT,BULLISH,18400.8,18396.9,-194.99999999989086,-0.00021194730663872316,11:00,MEDIUM,RISING
2023-05-16,2023-05-16 11:11:00,2023-05-16 11:11:00,NIFTY_FUT,BEARISH,18375.2,18374.7,25.0,2.721058818407419e-05,11:00,MEDIUM,RISING
2023-05-22,2023-05-22 13:22:00,2023-05-22 13:22:00,NIFTY_FUT,BEARISH,18287.2,18292.7,-275.0,-0.0003007568135089024,13:00,MEDIUM,RISING
2023-05-24,2023-05-24 12:15:00,2023-05-24 12:15:00,NIFTY_FUT,BEARISH,18341.75,18341.2,27.49999999996362,2.998623359272002e-05,12:00,MEDIUM,RISING
2023-05-31,2023-05-31 13:19:00,2023-05-31 13:19:00,NIFTY_FUT,BEARISH,18491.0,18493.45,-122.50000000003641,-0.00013249689037914272,13:00,MEDIUM,RISING
2023-08-17,2023-08-17 12:17:00,2023-08-17 12:17:00,NIFTY_FUT,BEARISH,19348.7,19351.25,-127.49999999996362,-0.0001317917999658516,12:00,MEDIUM,RISING
2023-08-25,2023-08-25 12:15:00,2023-08-25 12:15:00,NIFTY_FUT,BEARISH,19284.5,19279.6,245.00000000007276,0.0002540900723379634,12:00,MEDIUM,RISING
2023-08-31,2023-08-31 11:04:00,2023-08-31 11:04:00,NIFTY_FUT,BEARISH,19309.0,19311.65,-132.50000000007276,-0.0001372417007613784,11:00,MEDIUM,RISING
2023-09-28,2023-09-28 11:07:00,2023-09-28 11:07:00,NIFTY_FUT,BULLISH,19694.85,19696.35,75.0,7.616204236132797e-05,11:00,MEDIUM,RISING
2023-11-01,2023-11-01 12:16:00,2023-11-01 12:16:00,NIFTY_FUT,BULLISH,19061.75,19057.65,-204.99999999992724,-0.00021509042978732514,12:00,MEDIUM,RISING
2023-11-20,2023-11-20 11:14:00,2023-11-20 11:15:00,NIFTY_FUT,BEARISH,19696.6,19682.1,725.0,0.0007361676634546065,11:00,MEDIUM,RISING
2023-12-04,2023-12-04 13:22:00,2023-12-04 13:22:00,NIFTY_FUT,BULLISH,20610.5,20608.85,-82.50000000007276,-8.005628199225905e-05,13:00,MEDIUM,RISING
2023-12-11,2023-12-11 13:05:00,2023-12-11 13:05:00,NIFTY_FUT,BEARISH,20967.4,20970.35,-147.49999999985448,-0.00014069460209644921,13:00,MEDIUM,RISING
2023-12-14,2023-12-14 13:20:00,2023-12-14 13:21:00,NIFTY_FUT,BULLISH,21196.35,21199.4,152.50000000014552,0.00014389269850719158,13:00,MEDIUM,RISING
2023-12-18,2023-12-18 12:16:00,2023-12-18 12:16:00,NIFTY_FUT,BULLISH,21464.5,21464.0,-25.0,-2.3294276596240304e-05,12:00,MEDIUM,RISING
2024-01-12,2024-01-12 11:01:00,2024-01-12 11:01:00,NIFTY_FUT,BULLISH,21847.2,21837.95,-462.5,-0.00042339521769380056,11:00,MEDIUM,RISING
2024-01-23,2024-01-23 11:04:00,2024-01-23 11:04:00,NIFTY_FUT,BEARISH,21537.35,21555.1,-887.5,-0.0008241496748671494,11:00,MEDIUM,RISING
2024-01-30,2024-01-30 11:07:00,2024-01-30 11:08:00,NIFTY_FUT,BEARISH,21675.25,21667.45,389.9999999999636,0.0003598574410906113,11:00,MEDIUM,RISING
2024-02-02,2024-02-02 12:28:00,2024-02-02 13:00:00,NIFTY_FUT,BEARISH,22009.45,21887.3,6107.500000000073,0.00554988879776648,12:00,MEDIUM,RISING
2024-02-06,2024-02-06 11:13:00,2024-02-06 11:13:00,NIFTY_FUT,BEARISH,21848.3,21852.65,-217.50000000010914,-0.00019910015882252546,11:00,MEDIUM,RISING
2024-02-12,2024-02-12 12:04:00,2024-02-12 12:04:00,NIFTY_FUT,BEARISH,21659.45,21649.55,495.00000000007276,0.0004570753181637325,12:00,MEDIUM,RISING
2024-02-16,2024-02-16 12:22:00,2024-02-16 12:22:00,NIFTY_FUT,BEARISH,22027.4,22029.55,-107.49999999989086,-9.760570925292214e-05,12:00,MEDIUM,RISING
2024-02-19,2024-02-19 11:16:00,2024-02-19 11:17:00,NIFTY_FUT,BULLISH,22132.15,22137.7,277.4999999999636,0.00025076641898772925,11:00,MEDIUM,RISING
2024-02-20,2024-02-20 11:19:00,2024-02-20 11:19:00,NIFTY_FUT,BULLISH,22107.0,22111.75,237.5,0.00021486407020400778,11:00,MEDIUM,RISING
2024-02-28,2024-02-28 11:01:00,2024-02-28 11:01:00,NIFTY_FUT,BEARISH,22031.4,22055.55,-1207.4999999998909,-0.001096162749530117,11:00,MEDIUM,RISING
2024-03-18,2024-03-18 11:14:00,2024-03-18 11:14:00,NIFTY_FUT,BEARISH,21969.45,21949.7,987.5,0.0008989756229673478,11:00,MEDIUM,RISING
2024-04-18,2024-04-18 13:09:00,2024-04-18 13:09:00,NIFTY_FUT,BEARISH,22286.75,22285.65,54.99999999992724,4.935668053881992e-05,13:00,MEDIUM,RISING
2024-04-19,2024-04-19 12:19:00,2024-04-19 12:19:00,NIFTY_FUT,BULLISH,21951.1,21943.8,-364.9999999999636,-0.000332557366145627,12:00,MEDIUM,RISING
2024-04-30,2024-04-30 13:25:00,2024-04-30 13:25:00,NIFTY_FUT,BULLISH,22731.5,22730.1,-70.00000000007276,-6.15885445307813e-05,13:00,MEDIUM,RISING
2024-05-02,2024-05-02 11:29:00,2024-05-02 12:00:00,NIFTY_FUT,BULLISH,22666.3,22685.55,962.5,0.0008492784442101269,11:00,MEDIUM,RISING
2024-05-03,2024-05-03 11:21:00,2024-05-03 11:23:00,NIFTY_FUT,BEARISH,22566.75,22543.1,1182.5000000000725,0.0010480020383972638,11:00,MEDIUM,RISING
2024-05-06,2024-05-06 13:22:00,2024-05-06 13:22:00,NIFTY_FUT,BEARISH,22429.2,22447.0,-889.9999999999636,-0.0007936083319957588,13:00,MEDIUM,RISING
2024-05-07,2024-05-07 11:08:00,2024-05-07 11:08:00,NIFTY_FUT,BEARISH,22312.25,22314.2,-97.50000000003641,-8.739593720941313e-05,11:00,MEDIUM,RISING
2024-05-10,2024-05-10 12:19:00,2024-05-10 12:19:00,NIFTY_FUT,BEARISH,22017.25,22023.7,-322.5000000000364,-0.000292952117090042,12:00,MEDIUM,RISING
2024-06-07,2024-06-07 11:07:00,2024-06-07 11:07:00,NIFTY_FUT,BULLISH,23076.55,23079.85,164.99999999996362,0.00014300231187067705,11:00,MEDIUM,RISING
2024-06-18,2024-06-18 11:11:00,2024-06-18 11:11:00,NIFTY_FUT,BULLISH,23548.15,23544.1,-202.50000000014552,-0.00017198803303031918,11:00,MEDIUM,RISING
2024-06-24,2024-06-24 12:29:00,2024-06-24 12:29:00,NIFTY_FUT,BULLISH,23552.4,23545.1,-365.0000000001455,-0.0003099471816036969,12:00,MEDIUM,RISING
2024-07-18,2024-07-18 11:14:00,2024-07-18 11:14:00,NIFTY_FUT,BEARISH,24539.75,24537.35,120.00000000007276,9.780050734019113e-05,11:00,MEDIUM,RISING
2024-07-19,2024-07-19 12:21:00,2024-07-19 12:21:00,NIFTY_FUT,BEARISH,24654.7,24636.0,935.0000000000364,0.0007584760714995813,12:00,MEDIUM,RISING
2024-07-29,2024-07-29 12:20:00,2024-07-29 12:20:00,NIFTY_FUT,BEARISH,24808.6,24830.1,-1075.0,-0.0008666349572325725,12:00,MEDIUM,RISING
2024-08-12,2024-08-12 11:17:00,2024-08-12 11:17:00,NIFTY_FUT,BULLISH,24452.4,24457.2,239.99999999996362,0.00019629974971778935,11:00,MEDIUM,RISING
2024-09-06,2024-09-06 11:09:00,2024-09-06 11:09:00,NIFTY_FUT,BEARISH,24889.1,24876.65,622.4999999998545,0.0005002189713568224,11:00,MEDIUM,RISING
2024-09-20,2024-09-20 11:13:00,2024-09-20 11:14:00,NIFTY_FUT,BULLISH,25703.5,25702.25,-62.5,-4.863150932752349e-05,11:00,MEDIUM,RISING
2024-09-23,2024-09-23 13:22:00,2024-09-23 13:22:00,NIFTY_FUT,BULLISH,25885.05,25887.45,120.00000000007276,9.271761113080544e-05,13:00,MEDIUM,RISING
2024-09-30,2024-09-30 11:25:00,2024-09-30 11:25:00,NIFTY_FUT,BEARISH,25915.5,25911.65,192.49999999992724,0.00014855974223914432,11:00,MEDIUM,RISING
2024-10-03,2024-10-03 11:20:00,2024-10-03 11:20:00,NIFTY_FUT,BEARISH,25456.55,25458.55,-100.0,-7.856524155865583e-05,11:00,MEDIUM,RISING
2024-10-07,2024-10-07 11:06:00,2024-10-07 11:06:00,NIFTY_FUT,BEARISH,24804.8,24828.85,-1202.4999999999636,-0.0009695704057278943,11:00,MEDIUM,RISING
2024-10-21,2024-10-21 13:21:00,2024-10-21 13:21:00,NIFTY_FUT,BULLISH,24815.75,24810.05,-285.0000000000364,-0.00022969283620284406,13:00,MEDIUM,RISING
2024-10-22,2024-10-22 12:29:00,2024-10-22 12:29:00,NIFTY_FUT,BEARISH,24641.3,24641.15,7.499999999890861,6.087341171034694e-06,12:00,MEDIUM,RISING
2024-10-25,2024-10-25 12:25:00,2024-10-25 12:25:00,NIFTY_FUT,BEARISH,24101.8,24100.2,79.99999999992724,6.638508327172846e-05,12:00,MEDIUM,RISING
2024-10-29,2024-10-29 12:03:00,2024-10-29 12:03:00,NIFTY_FUT,BULLISH,24265.6,24282.55,847.5000000000364,0.0006985197151523443,12:00,MEDIUM,RISING
2024-11-07,2024-11-07 11:20:00,2024-11-07 11:20:00,NIFTY_FUT,BEARISH,24194.65,24194.15,25.0,2.0665725687290373e-05,11:00,MEDIUM,RISING
2024-11-12,2024-11-12 13:18:00,2024-11-12 13:18:00,NIFTY_FUT,BEARISH,23946.85,23950.6,-187.5,-0.00015659679665592762,13:00,MEDIUM,RISING
2024-11-18,2024-11-18 12:28:00,2024-11-18 12:28:00,NIFTY_FUT,BULLISH,23521.45,23529.85,419.99999999989086,0.00035712084076440086,12:00,MEDIUM,RISING
2024-11-19,2024-11-19 11:01:00,2024-11-19 11:01:00,NIFTY_FUT,BULLISH,23727.8,23725.65,-107.49999999989086,-9.061101324175934e-05,11:00,MEDIUM,RISING
2024-12-16,2024-12-16 11:15:00,2024-12-16 11:15:00,NIFTY_FUT,BEARISH,24628.05,24625.05,150.0,0.00012181232375279407,11:00,MEDIUM,RISING
2024-12-17,2024-12-17 12:16:00,2024-12-17 12:16:00,NIFTY_FUT,BEARISH,24376.75,24389.65,-645.0000000000728,-0.0005291927759033282,12:00,MEDIUM,RISING
2024-12-26,2024-12-26 11:21:00,2024-12-26 11:21:00,NIFTY_FUT,BEARISH,23741.0,23745.4,-220.00000000007276,-0.00018533338949502782,11:00,MEDIUM,RISING
2024-12-30,2024-12-30 12:30:00,2024-12-30 13:00:00,NIFTY_FUT,BEARISH,23793.5,23778.75,737.5,0.0006199172042784794,12:00,MEDIUM,RISING
2025-01-01,2025-01-01 11:28:00,2025-01-01 11:28:00,NIFTY_FUT,BULLISH,23762.15,23737.8,-1217.5000000001091,-0.0010247389230352549,11:00,MEDIUM,RISING
2025-01-06,2025-01-06 11:13:00,2025-01-06 11:13:00,NIFTY_FUT,BEARISH,23731.35,23735.6,-212.5,-0.0001790879996291825,11:00,MEDIUM,RISING
2025-01-10,2025-01-10 11:16:00,2025-01-10 11:16:00,NIFTY_FUT,BULLISH,23584.95,23580.6,-217.50000000010914,-0.00018443965325354444,11:00,MEDIUM,RISING
2025-01-13,2025-01-13 11:17:00,2025-01-13 11:17:00,NIFTY_FUT,BULLISH,23286.45,23288.65,110.00000000003641,9.447554264392934e-05,11:00,MEDIUM,RISING
2025-01-21,2025-01-21 12:16:00,2025-01-21 12:17:00,NIFTY_FUT,BEARISH,23225.6,23167.4,2909.9999999998545,0.0025058556076052755,12:00,MEDIUM,RISING
2025-01-27,2025-01-27 12:14:00,2025-01-27 12:14:00,NIFTY_FUT,BEARISH,22869.05,22881.55,-625.0,-0.0005465902606360998,12:00,MEDIUM,RISING
2025-01-28,2025-01-28 11:02:00,2025-01-28 11:02:00,NIFTY_FUT,BULLISH,22963.2,22974.9,585.0000000000364,0.000509510869565249,11:00,MEDIUM,RISING
2025-01-29,2025-01-29 11:24:00,2025-01-29 11:24:00,NIFTY_FUT,BEARISH,23019.75,22995.65,1204.9999999999272,0.0010469270952116571,11:00,MEDIUM,RISING
2025-02-03,2025-02-03 13:04:00,2025-02-03 13:04:00,NIFTY_FUT,BULLISH,23332.25,23328.85,-170.00000000007276,-0.00014572105133458862,13:00,MEDIUM,RISING
2025-02-11,2025-02-11 13:01:00,2025-02-11 13:03:00,NIFTY_FUT,BEARISH,23156.25,23142.0,712.5,0.0006153846153846154,13:00,MEDIUM,RISING
2025-02-17,2025-02-17 13:02:00,2025-02-17 13:02:00,NIFTY_FUT,BULLISH,22887.3,22881.75,-277.4999999999636,-0.00024249256137680165,13:00,MEDIUM,RISING
2025-03-17,2025-03-17 12:26:00,2025-03-17 12:26:00,NIFTY_FUT,BEARISH,22467.55,22459.35,410.0000000000364,0.00036497081346211434,12:00,MEDIUM,RISING
2025-03-21,2025-03-21 12:22:00,2025-03-21 12:22:00,NIFTY_FUT,BULLISH,23384.35,23386.25,95.00000000007276,8.125092209111886e-05,12:00,MEDIUM,RISING
2025-04-01,2025-04-01 13:09:00,2025-04-01 13:09:00,NIFTY_FUT,BEARISH,23180.85,23184.35,-175.0,-0.00015098669807189985,13:00,MEDIUM,RISING
2025-04-30,2025-04-30 12:26:00,2025-04-30 12:26:00,NIFTY_FUT,BULLISH,24358.15,24358.65,25.0,2.0527010466722637e-05,12:00,MEDIUM,RISING
2025-05-20,2025-05-20 12:11:00,2025-05-20 12:11:00,NIFTY_FUT,BEARISH,24871.3,24871.15,7.499999999890861,6.031047834162959e-06,12:00,MEDIUM,RISING
2025-05-21,2025-05-21 12:02:00,2025-05-21 12:02:00,NIFTY_FUT,BEARISH,24803.2,24801.1,105.00000000010914,8.466649464594015e-05,12:00,MEDIUM,RISING
2025-05-27,2025-05-27 11:05:00,2025-05-27 11:06:00,NIFTY_FUT,BULLISH,24876.35,24836.55,-1989.9999999999636,-0.001599913170541469,11:00,MEDIUM,RISING
2025-06-12,2025-06-12 12:30:00,2025-06-12 13:00:00,NIFTY_FUT,BEARISH,25035.35,25037.8,-122.50000000003641,-9.786162366416799e-05,12:00,MEDIUM,RISING
2025-06-13,2025-06-13 12:18:00,2025-06-13 12:18:00,NIFTY_FUT,BULLISH,24720.65,24718.8,-92.50000000010914,-7.483621992149004e-05,12:00,MEDIUM,RISING
2025-06-23,2025-06-23 13:22:00,2025-06-23 13:22:00,NIFTY_FUT,BULLISH,25021.9,25019.85,-102.50000000014552,-8.192823086987441e-05,13:00,MEDIUM,RISING
2025-06-30,2025-06-30 13:01:00,2025-06-30 13:01:00,NIFTY_FUT,BEARISH,25507.55,25508.1,-27.49999999996362,-2.1562243335768132e-05,13:00,MEDIUM,RISING
2025-08-01,2025-08-01 11:02:00,2025-08-01 11:02:00,NIFTY_FUT,BULLISH,24760.05,24767.0,347.5000000000364,0.0002806941019909381,11:00,MEDIUM,RISING
2025-08-06,2025-08-06 12:22:00,2025-08-06 12:22:00,NIFTY_FUT,BULLISH,24624.85,24617.0,-392.49999999992724,-0.0003187836677177138,12:00,MEDIUM,RISING
2025-08-11,2025-08-11 13:02:00,2025-08-11 13:02:00,NIFTY_FUT,BULLISH,24491.8,24492.1,14.99999999996362,1.2248997623664753e-05,13:00,MEDIUM,RISING
2025-10-30,2025-10-30 11:07:00,2025-10-30 11:07:00,NIFTY_FUT,BULLISH,25941.5,25942.1,29.99999999992724,2.3128963244166484e-05,11:00,MEDIUM,RISING
2025-10-31,2025-10-31 12:14:00,2025-10-31 12:14:00,NIFTY_FUT,BEARISH,25801.55,25798.15,169.99999999989086,0.00013177502901948982,12:00,MEDIUM,RISING
2025-11-03,2025-11-03 12:22:00,2025-11-03 12:22:00,NIFTY_FUT,BULLISH,25724.9,25727.15,112.5,8.74638968470237e-05,12:00,MEDIUM,RISING
2025-11-07,2025-11-07 11:13:00,2025-11-07 11:13:00,NIFTY_FUT,BULLISH,25401.2,25410.8,479.99999999992724,0.0003779349007132948,11:00,MEDIUM,RISING
2025-11-11,2025-11-11 13:06:00,2025-11-11 13:06:00,NIFTY_FUT,BULLISH,25579.6,25579.15,-22.49999999985448,-1.759214373942867e-05,13:00,MEDIUM,RISING
2025-11-20,2025-11-20 12:01:00,2025-11-20 12:01:00,NIFTY_FUT,BULLISH,26150.35,26150.7,17.50000000010914,1.3384142086135855e-05,12:00,MEDIUM,RISING
2025-11-21,2025-11-21 12:19:00,2025-11-21 12:19:00,NIFTY_FUT,BULLISH,26136.25,26138.2,97.50000000003641,7.460902003924543e-05,12:00,MEDIUM,RISING
2026-01-21,2026-01-21 13:09:00,2026-01-21 13:09:00,NIFTY_FUT,BULLISH,25286.1,25260.0,-1304.9999999999272,-0.0010321876445951944,13:00,MEDIUM,RISING
2026-01-23,2026-01-23 13:16:00,2026-01-23 13:16:00,NIFTY_FUT,BEARISH,25170.7,25163.75,347.5000000000364,0.0002761146889041913,13:00,MEDIUM,RISING
